Datum,Wohnungsart,Zimmeranzahl,Wohnungsgrösse_m2,Verkaufspreis,Wohnungs_Adresse,Kanton,Latitude/Longitude,clean
2022-12-21,serp_responsive#badge_new_building_lite,2.5,55,0,"Rue du Port 31, 1820 Montreux, VD",VD,,clean
2022-12-21,serp_responsive#badge_new_building_lite,3.5,88,590000,"Telmoos 10, 1716 Plaffeien, FR",FR,,clean
2022-12-21,serp_responsive#badge_new_building_lite,3.5,82,685000,"Nelkenstrasse 16, 4410 Liestal, BL",BL,,clean
2022-12-21,serp_responsive#badge_new_building_lite,3.0,95,750000,"Via Pree 8, 6900 Lugano, TI",TI,,clean
2022-12-21,serp_responsive#badge_new_building_lite,3.0,95,750000,"Via Pree 8, 6900 Lugano, TI",TI,,clean
2022-12-21,serp_responsive#badge_new_building_lite,4.5,140,880000,"Myrtenstrasse 6, 5737 Menziken, AG",AG,,clean
2022-12-21,serp_responsive#badge_new_building_lite,1.0,42,92000,"1200 Genève, GE",GE,,clean
2022-12-21,serp_responsive#badge_new_building_lite,1.0,42,92000,"8000 Zürich, ZH",ZH,,clean
2022-12-21,unbekannt,5.5,235,1450000,"Via Fabrizia 6 b, 6512 Giubiasco, TI",TI,,clean
2022-12-21,unbekannt,4.5,146,900000,"Via Fabrizia 6 b, 6512 Giubiasco, TI",TI,,clean
2022-12-21,unbekannt,3.5,115,710000,"Via Fabrizia 6 b, 6512 Giubiasco, TI",TI,,clean
2022-12-21,unbekannt,2.5,86,520000,"Via Fabrizia 6 b, 6512 Giubiasco, TI",TI,,clean
2022-12-21,serp_responsive#badge_new_building_lite,1.0,46,127490,"1200 Genève, GE",GE,,clean
2022-12-21,serp_responsive#badge_new_building_lite,1.0,46,127490,"8000 Zürich, ZH",ZH,,clean
2022-12-21,serp_responsive#badge_new_building_lite,5.5,94,540000,"Oelirian, 2540 Grenchen, SO",SO,,clean
2022-12-21,serp_responsive#badge_new_building_lite,4.5,88,480000,"Oelirian, 2540 Grenchen, SO",SO,,clean
2022-12-21,serp_responsive#badge_new_building_lite,3.5,71,620000,"Neubrückstrasse 11, 2555 Brügg BE, BE",BE,,clean
2022-12-21,serp_responsive#badge_new_building_lite,5.5,128,1260000,"Neubrückstrasse 11, 2555 Brügg BE, BE",BE,,clean
2022-12-21,serp_responsive#badge_new_building_lite,5.5,128,1060000,"Neubrückstrasse 11, 2555 Brügg BE, BE",BE,,clean
2022-12-21,serp_responsive#badge_new_building_lite,4.5,113,970000,"Neubrückstrasse 11, 2555 Brügg BE, BE",BE,,clean
2022-12-21,serp_responsive#badge_new_building_lite,4.5,125,970000,"Neubrückstrasse 11, 2555 Brügg BE, BE",BE,,clean
2022-12-21,serp_responsive#badge_new_building_lite,4.5,113,950000,"Neubrückstrasse 11, 2555 Brügg BE, BE",BE,,clean
2022-12-21,serp_responsive#badge_new_building_lite,4.5,124,970000,"Neubrückstrasse 11, 2555 Brügg BE, BE",BE,,clean
2022-12-21,serp_responsive#badge_new_building_lite,3.5,71,585000,"Neubrückstrasse 11, 2555 Brügg BE, BE",BE,,clean
2022-12-21,serp_responsive#badge_new_building_lite,2.5,55,0,"Rue du Port 31, 1820 Montreux, VD",VD,,clean
2022-12-21,serp_responsive#badge_new_building_lite,3.5,88,590000,"Telmoos 10, 1716 Plaffeien, FR",FR,,clean
2022-12-21,serp_responsive#badge_new_building_lite,3.5,82,685000,"Nelkenstrasse 16, 4410 Liestal, BL",BL,,clean
2022-12-21,serp_responsive#badge_new_building_lite,3.0,95,750000,"Via Pree 8, 6900 Lugano, TI",TI,,clean
2022-12-21,serp_responsive#badge_new_building_lite,3.0,95,750000,"Via Pree 8, 6900 Lugano, TI",TI,,clean
2022-12-21,serp_responsive#badge_new_building_lite,4.5,140,880000,"Myrtenstrasse 6, 5737 Menziken, AG",AG,,clean
2022-12-21,serp_responsive#badge_new_building_lite,1.0,42,92000,"1200 Genève, GE",GE,,clean
2022-12-21,serp_responsive#badge_new_building_lite,1.0,42,92000,"8000 Zürich, ZH",ZH,,clean
2022-12-21,unbekannt,5.5,235,1450000,"Via Fabrizia 6 b, 6512 Giubiasco, TI",TI,,clean
2022-12-21,unbekannt,4.5,146,900000,"Via Fabrizia 6 b, 6512 Giubiasco, TI",TI,,clean
2022-12-21,unbekannt,3.5,115,710000,"Via Fabrizia 6 b, 6512 Giubiasco, TI",TI,,clean
2022-12-21,unbekannt,2.5,86,520000,"Via Fabrizia 6 b, 6512 Giubiasco, TI",TI,,clean
2022-12-21,serp_responsive#badge_new_building_lite,1.0,46,127490,"1200 Genève, GE",GE,,clean
2022-12-21,serp_responsive#badge_new_building_lite,1.0,46,127490,"8000 Zürich, ZH",ZH,,clean
2022-12-21,serp_responsive#badge_new_building_lite,5.5,94,540000,"Oelirian, 2540 Grenchen, SO",SO,,clean
2022-12-21,serp_responsive#badge_new_building_lite,4.5,88,480000,"Oelirian, 2540 Grenchen, SO",SO,,clean
2022-12-21,serp_responsive#badge_new_building_lite,3.5,71,620000,"Neubrückstrasse 11, 2555 Brügg BE, BE",BE,,clean
2022-12-21,serp_responsive#badge_new_building_lite,5.5,128,1260000,"Neubrückstrasse 11, 2555 Brügg BE, BE",BE,,clean
2022-12-21,serp_responsive#badge_new_building_lite,5.5,128,1060000,"Neubrückstrasse 11, 2555 Brügg BE, BE",BE,,clean
2022-12-21,serp_responsive#badge_new_building_lite,4.5,113,970000,"Neubrückstrasse 11, 2555 Brügg BE, BE",BE,,clean
2022-12-21,serp_responsive#badge_new_building_lite,4.5,125,970000,"Neubrückstrasse 11, 2555 Brügg BE, BE",BE,,clean
2022-12-21,serp_responsive#badge_new_building_lite,4.5,113,950000,"Neubrückstrasse 11, 2555 Brügg BE, BE",BE,,clean
2022-12-21,serp_responsive#badge_new_building_lite,4.5,124,970000,"Neubrückstrasse 11, 2555 Brügg BE, BE",BE,,clean
2022-12-21,serp_responsive#badge_new_building_lite,3.5,71,585000,"Neubrückstrasse 11, 2555 Brügg BE, BE",BE,,clean
2022-12-21,Construction neuve,5.5,128,1160000,"Neubrückstrasse 11, 2555 Brügg BE, BE",BE,,clean
2022-12-21,Construction neuve,3.5,70,395000,"Oelirian, 2540 Grenchen, SO",SO,,clean
2022-12-21,Construction neuve,4.5,125,1415000,"Barbaraweg 7, 5000 Aarau, AG",AG,,clean
2022-12-21,Construction neuve,3.5,99,1115000,"Barbaraweg 7, 5000 Aarau, AG",AG,,clean
2022-12-21,Construction neuve,4.5,125,1260000,"Barbaraweg 7, 5000 Aarau, AG",AG,,clean
2022-12-21,Construction neuve,3.5,99,995000,"Barbaraweg 7, 5000 Aarau, AG",AG,,clean
2022-12-21,Construction neuve,5.5,137,1890000,"Barbaraweg 7, 5000 Aarau, AG",AG,,clean
2022-12-21,Construction neuve,5.5,139,950000,"Lilienweg 7, 3426 Aefligen, BE",BE,,clean
2022-12-21,Construction neuve,4.5,152,0,"Neuhofstrasse 21, 6330 Cham, ZG",ZG,,clean
2022-12-21,Construction neuve,4.5,143,1320000,"Ringstrasse 1a, 2560 Nidau, BE",BE,,clean
2022-12-21,Construction neuve,2.5,83,670000,"Ringstrasse 1a, 2560 Nidau, BE",BE,,clean
2022-12-21,Construction neuve,2.5,96,770000,"Ringstrasse 1b, 2560 Nidau, BE",BE,,clean
2022-12-21,Construction neuve,2.5,83,650000,"Ringstrasse 1a, 2560 Nidau, BE",BE,,clean
2022-12-21,Construction neuve,4.5,161,1150000,"Hemishoferstrasse 56, 8260 Stein am Rhein, SH",SH,,clean
2022-12-21,Construction neuve,4.5,123,890000,"Gartenstrasse, 4242 Laufen, BL",BL,,clean
2022-12-21,Construction neuve,4.5,123,905000,"Gartenstrasse, 4242 Laufen, BL",BL,,clean
2022-12-21,Construction neuve,4.5,123,925000,"Gartenstrasse, 4242 Laufen, BL",BL,,clean
2022-12-21,Construction neuve,4.5,118,625000,"Route de chippis 68A, 1967 Bramois, VS",VS,,clean
2022-12-21,Construction neuve,3.5,93,865000,"Bündtenstrasse 7, 5612 Villmergen, AG",AG,,clean
2022-12-21,Construction neuve,4.5,116,1140000,"Bündtenstrasse 7, 5612 Villmergen, AG",AG,,clean
2022-12-21,Construction neuve,2.5,58,530000,"9032 Engelburg, SG",SG,,clean
2022-12-21,Construction neuve,4.5,130,1045000,"Reitistrasse 32, 8322 Madetswil, ZH",ZH,,clean
2022-12-21,Construction neuve,1.5,48,420000,"Rütiweg 2, 3072 Ostermundigen, BE",BE,,clean
2022-12-21,Construction neuve,3.5,113,1100000,"Rütiweg 2, 3072 Ostermundigen, BE",BE,,clean
2022-12-21,Neubau,2.5,75,620000,"Rütiweg 2, 3072 Ostermundigen, BE",BE,,clean
2022-12-21,Neubau,4.5,110,1445000,"Sonnhalde, 6354 Vitznau, LU",LU,,clean
2022-12-21,Neubau,3.5,104,870000,"Dorfstrasse, 8166 Niederweningen, ZH",ZH,,clean
2022-12-21,Neubau,4.5,117,960000,"Dorfstrasse, 8166 Niederweningen, ZH",ZH,,clean
2022-12-21,Neubau,3.5,113,1980000,"6600 Muralto, TI",TI,,clean
2022-12-21,Neubau,5.5,147,1390000,"Neubrückstrasse 11, 2555 Brügg BE, BE",BE,,clean
2022-12-21,Neubau,4.5,0,596000,"Dorfstrasse 16a, 3436 Zollbrück, BE",BE,,clean
2022-12-21,Neubau,5.5,202,2450000,"Bärenbrunnenweg 1-33, 4144 Arlesheim, BL",BL,,clean
2022-12-21,Neubau,3.5,110,655000,"Stäpflistrasse, 4814 Bottenwil, AG",AG,,clean
2022-12-21,unbekannt,3.5,131,750000,"3207 Golaten, BE",BE,,clean
2022-12-21,Neubau,3.5,72,385000,"Friloweg, 4950 Huttwil, BE",BE,,clean
2022-12-21,Neubau,3.5,109,1120000,"Bärenbrunnenweg 1-33, 4144 Arlesheim, BL",BL,,clean
2022-12-21,Neubau,5.5,185,1750000,"Rinikerstrasse 27, 5222 Umiken, AG",AG,,clean
2022-12-21,Neubau,5.5,155,1650000,"Rinikerstrasse 27, 5222 Umiken, AG",AG,,clean
2022-12-21,Neubau,3.5,75,514000,"Rue de Bourgogne 17, 2525 Le Landeron, NE",NE,,clean
2022-12-21,Neubau,4.5,124,1390000,"Salmsacherstrasse 15, 15a, 15b, 8590 Romanshorn, TG",TG,,clean
2022-12-21,Neubau,3.5,109,2450000,"Obere Mattstrasse 39, 8712 Stäfa, ZH",ZH,,clean
2022-12-21,Neubau,4.5,119,2400000,"Obere Mattstrasse 39, 8712 Stäfa, ZH",ZH,,clean
2022-12-21,Neubau,4.5,127,2550000,"Obere Mattstrasse 39, 8712 Stäfa, ZH",ZH,,clean
2022-12-21,Neubau,3.5,134,2050000,"Obere Mattstrasse 39, 8712 Stäfa, ZH",ZH,,clean
2022-12-21,Neubau,4.5,134,2300000,"Obere Mattstrasse 39, 8712 Stäfa, ZH",ZH,,clean
2022-12-21,Neubau,4.5,135,2350000,"Obere Mattstrasse 39, 8712 Stäfa, ZH",ZH,,clean
2022-12-21,Neubau,3.5,139,2200000,"Obere Mattstrasse 39, 8712 Stäfa, ZH",ZH,,clean
2022-12-21,Neubau,4.5,139,2400000,"Obere Mattstrasse 39, 8712 Stäfa, ZH",ZH,,clean
2022-12-21,Neubau,3.5,135,2100000,"Obere Mattstrasse 39, 8712 Stäfa, ZH",ZH,,clean
2022-12-21,Neubau,3.5,98,785000,"Grotweg, 2543 Lengnau BE, BE",BE,,clean
2022-12-21,Neubau,3.5,97,575000,"Grotweg, 2543 Lengnau BE, BE",BE,,clean
2022-12-21,Neubau,5.5,148,1032500,"3292 Busswil BE, BE",BE,,clean
2022-12-21,Neubau,3.5,75,507000,"Rue de Bourgogne 17, 2525 Le Landeron, NE",NE,,clean
2022-12-21,Neubau,2.5,58,397000,"Rue de Bourgogne 17, 2525 Le Landeron, NE",NE,,clean
2022-12-21,Neubau,3.5,84,585000,"8374 Dussnang, TG",TG,,clean
2022-12-21,Neubau,4.5,105,740000,"8374 Dussnang, TG",TG,,clean
2022-12-21,Neubau,5.5,156,995000,"8374 Dussnang, TG",TG,,clean
2022-12-21,Neubau,3.5,92,490000,"Parkettstrasse 36, 3432 Lützelflüh-Goldbach, BE",BE,,clean
2022-12-21,Neubau,3.5,109,575000,"Parkettstrasse 38, 3432 Lützelflüh-Goldbach, BE",BE,,clean
2022-12-21,Neubau,3.5,92,499000,"Parkettstrasse 34, 3432 Lützelflüh-Goldbach, BE",BE,,clean
2022-12-21,Neubau,4.5,114,825000,"Lilienweg 7, 3426 Aefligen, BE",BE,,clean
2022-12-21,Neubau,4.5,137,925000,"Hauptstrasse 54, 4461 Böckten, BL",BL,,clean
2022-12-21,Neubauprojekt,3.5,108,730000,"Bahnhofstrasse 4, 3067 Boll, BE",BE,,clean
2022-12-21,Neubauprojekt,5.5,150,1040000,"Bahnhofstrasse 4, 3067 Boll, BE",BE,,clean
2022-12-21,Neubauprojekt,2.5,77,610000,"Bahnhofstrasse 4, 3067 Boll, BE",BE,,clean
2022-12-21,Neubau,1.5,75,534000,"Hendschikerstrasse 14, 5600 Ammerswil AG, AG",AG,,clean
2022-12-21,Neubau,3.5,74,514000,"Hendschikerstrasse 14, 5600 Ammerswil AG, AG",AG,,clean
2022-12-21,Neubau,5.5,124,785000,"Schulstrasse 13, 8599 Salmsach, TG",TG,,clean
2022-12-21,Neubau,4.5,106,0,"6598 Tenero, TI",TI,,clean
2022-12-21,Neubau,4.5,122,1290000,"1180 Tartegnin, VD",VD,,clean
2022-12-21,Neubau,3.5,86,685000,"Heerwiesweg, 8488 Turbenthal, ZH",ZH,,clean
2022-12-21,Neubau,4.5,116,831000,"route des bains, 1911 Mayens-de-Chamoson, VS",VS,,clean
2022-12-21,Neubauprojekt,4.5,111,810000,"Bahnhofstrasse 3, 3067 Boll, BE",BE,,clean
2022-12-21,Neubau,3.5,91,1140000,"Via Erbale 12, 6616 Losone, TI",TI,,clean
2022-12-21,Neubau,3.5,101,1050000,"Vorstädtliweg 31, 4534 Flumenthal, SO",SO,,clean
2022-12-21,Neubau,3.5,85,554000,"Hendschikerstrasse 14, 5600 Ammerswil AG, AG",AG,,clean
2022-12-21,Neubau,2.5,56,374000,"Hendschikerstrasse 14, 5600 Ammerswil AG, AG",AG,,clean
2022-12-21,Neubau,5.5,160,1255000,"Sandacker 19, 5103 Möriken AG, AG",AG,,clean
2022-12-21,Neubau,4.5,120,1090000,"Euthalerstrasse 11, 8844 Euthal, SZ",SZ,,clean
2022-12-21,Neubau,3.5,70,690000,"1123 Aclens, VD",VD,,clean
2022-12-21,Neubau,4.5,102,970000,"1123 Aclens, VD",VD,,clean
2022-12-21,Neubau,4.5,89,950000,"1123 Aclens, VD",VD,,clean
2022-12-21,Neubau,3.5,89,890000,"1123 Aclens, VD",VD,,clean
2022-12-21,Neubau,3.5,86,690000,"Promenade des Vanils 9, 1740 Neyruz FR, FR",FR,,clean
2022-12-21,Neubau,5.5,255,1790000,"3963 Crans-Montana, VS",VS,,clean
2022-12-21,Neubau,3.0,86,502000,"1337 Vallorbe, VD",VD,,clean
2022-12-21,Neubau,3.0,75,445000,"1337 Vallorbe, VD",VD,,clean
2022-12-21,Neubau,4.5,0,1490000,"Edelweissstrasse 7, 3988 Ulrichen, VS",VS,,clean
2022-12-21,Neubau,3.5,100,630000,"Stockenstrasse 11C, 9249 Algetshausen, SG",SG,,clean
2022-12-21,Neubau,5.5,157,895000,"Stockenstrasse 11C, 9249 Algetshausen, SG",SG,,clean
2022-12-21,Neubau,2.5,82,670000,"Hauptstrasse 143, 3286 Muntelier, FR",FR,,clean
2022-12-21,Neubau,3.5,75,319000,"Route de Saignelégier 32, 2714 Les Genevez JU, JU",JU,,clean
2022-12-21,Neubauprojekt,3.5,95,690000,"Bahnhofstrasse 3, 3067 Boll, BE",BE,,clean
2022-12-21,Neubauprojekt,3.5,100,670000,"Bahnhofstrasse 6, 3067 Boll, BE",BE,,clean
2022-12-21,Neubau,4.5,120,1385000,"Flüestrasse 34, 5313 Klingnau, AG",AG,,clean
2022-12-21,Neubau,4.5,130,1215000,"Flüestrasse 34, 5313 Klingnau, AG",AG,,clean
2022-12-21,Neubau,4.5,130,665000,"Route de Maracon 9, 1613 Maracon, VD",VD,,clean
2022-12-21,Neubau,3.5,78,1300000,"1801 Le Mont-Pèlerin, VD",VD,,clean
2022-12-21,Neubau,5.5,120,1950000,"1801 Le Mont-Pèlerin, VD",VD,,clean
2022-12-21,Neubau,4.5,96,1655000,"1801 Le Mont-Pèlerin, VD",VD,,clean
2022-12-21,Neubau,2.0,75,695000,"Bahnhofstrasse 12, 8854 Siebnen, SZ",SZ,,clean
2022-12-21,Neubau,3.5,93,590000,"Mittelgäustrasse 7a, 4616 Kappel SO, SO",SO,,clean
2022-12-21,Neubau,3.5,100,610000,"Gibelfeldstrasse 48, 2540 Grenchen, SO",SO,,clean
2022-12-21,Neubau,4.5,135,1230000,"Euthalerstrasse 11, 8844 Euthal, SZ",SZ,,clean
2022-12-21,Neubau,6.0,161,1995000,"1200 Genève, GE",GE,,clean
2022-12-21,Neubau,4.5,135,2350000,"8712 Stäfa, ZH",ZH,,clean
2022-12-21,Neubau,3.5,139,2200000,"8712 Stäfa, ZH",ZH,,clean
2022-12-21,Neubau,4.5,127,2550000,"8712 Stäfa, ZH",ZH,,clean
2022-12-21,Neubau,4.5,134,2300000,"8712 Stäfa, ZH",ZH,,clean
2022-12-21,Neubau,3.5,109,2450000,"8712 Stäfa, ZH",ZH,,clean
2022-12-21,Neubau,4.5,119,2400000,"8712 Stäfa, ZH",ZH,,clean
2022-12-21,Neubau,3.5,134,2050000,"8712 Stäfa, ZH",ZH,,clean
2022-12-21,Neubau,4.5,139,2400000,"8712 Stäfa, ZH",ZH,,clean
2022-12-21,Neubau,3.5,135,2100000,"8712 Stäfa, ZH",ZH,,clean
2022-12-21,Neubau,2.5,48,450000,"via Peschiera, 6982 Agno, TI",TI,,clean
2022-12-21,Neubau,2.5,70,715000,"Hübeli 377a, 3550 Langnau im Emmental, BE",BE,,clean
2022-12-21,Neubau,3.5,95,0,"Le Day, 1337 Vallorbe, VD",VD,,clean
2022-12-21,Neubau,3.5,109,897000,"Dorfstrasse 89, 3065 Bolligen, BE",BE,,clean
2022-12-21,Neubau,4.5,144,940000,"Via della Pace 18, 6600 Locarno, TI",TI,,clean
2022-12-21,Neubau,2.5,86,549000,"Via del Tiglio, 6592 S. Antonino, TI",TI,,clean
2022-12-21,Neubau,3.5,75,0,"Rue du Port 31, 1820 Montreux, VD",VD,,clean
2022-12-21,Neubau,4.5,131,1112000,"1844 Villeneuve VD, VD",VD,,clean
2022-12-21,Neubau,2.5,58,417000,"Via Cappelletta 5, 6533 Lumino, TI",TI,,clean
2022-12-21,Neubau,5.5,157,1310000,"Schorrenstrasse 1, 8854 Galgenen, SZ",SZ,,clean
2022-12-21,Neubau,4.5,105,830000,"Aegertiweg 3, 3800 Matten b. Interlaken, BE",BE,,clean
2022-12-21,Neubau,3.5,72,0,"1337 Vallorbe, VD",VD,,clean
2022-12-21,Neubau,4.5,110,745000,"8590 Romanshorn, TG",TG,,clean
2022-12-21,Neubau,4.5,178,1780000,"Hauptstrasse 143, 3286 Muntelier, FR",FR,,clean
2022-12-21,Neubau,4.5,114,680000,"Oklahomastrasse 31, 9249 Oberstetten, SG",SG,,clean
2022-12-21,Neubau,4.5,130,665000,"Route de Maracon 9, 1613 Maracon, VD",VD,,clean
2022-12-21,Neubau,4.5,118,660000,"Rue de la Gare, 2206 Les Geneveys-sur-Coffrane, NE",NE,,clean
2022-12-21,Neubau,4.5,155,670000,"Rue de la Gare, 2206 Les Geneveys-sur-Coffrane, NE",NE,,clean
2022-12-21,Neubau,3.5,106,560000,"Rue de la Gare, 2206 Les Geneveys-sur-Coffrane, NE",NE,,clean
2022-12-21,Neubauprojekt,4.5,143,920000,"Bahnhofstrasse 6, 3067 Boll, BE",BE,,clean
2022-12-21,Neubau,3.5,92,614000,"Hendschikerstrasse 14, 5600 Ammerswil AG, AG",AG,,clean
2022-12-21,Neubau,4.5,116,1200000,"Zumhofstrasse, 6010 Kriens, LU",LU,,clean
2022-12-21,Neubau,3.5,94,910000,"Zumhofstrasse, 6010 Kriens, LU",LU,,clean
2022-12-21,Neubau,4.5,123,820000,"Sonnenhaldenweg, 9500 Wil SG, SG",SG,,clean
2022-12-21,Neubau,3.5,141,1250000,"Sonnenhaldenweg, 9500 Wil SG, SG",SG,,clean
2022-12-21,Neubau,3.5,93,0,"1337 Vallorbe, VD",VD,,clean
2022-12-21,Neubau,4.5,123,1135000,"1424 Champagne, VD",VD,,clean
2022-12-21,Neubau,4.5,128,870000,"Mühlethalstrasse 121, 4800 Zofingen, AG",AG,,clean
2022-12-21,Neubau,4.5,116,710000,"Jesuitenweg 165, 3900 Brig, VS",VS,,clean
2022-12-21,Neubau,3.5,118,970000,"Hauptstrasse 143, 3286 Muntelier, FR",FR,,clean
2022-12-21,Neubau,4.5,162,1120000,"Hauptstrasse 143, 3286 Muntelier, FR",FR,,clean
2022-12-21,Neubau,5.5,176,1520000,"Hauptstrasse 143, 3286 Muntelier, FR",FR,,clean
2022-12-21,Neubau,2.5,74,960000,"Kreuzackerweg 4, 4103 Bottmingen, BL",BL,,clean
2022-12-21,Neubau,5.5,211,1195000,"Dorfstrasse 33, 8261 Hemishofen, SH",SH,,clean
2022-12-21,Neubau,3.5,91,850000,"Hübeli, 3550 Langnau im Emmental, BE",BE,,clean
2022-12-21,Neubau,4.5,128,720000,"Nebikerstrasse 22, 6247 Schötz, LU",LU,,clean
2022-12-21,Neubau,3.5,110,720000,"Hurschgasse 2, 3633 Amsoldingen, BE",BE,,clean
2022-12-21,Neubau,3.5,111,775000,"8269 Fruthwilen, TG",TG,,clean
2022-12-21,Neubau,5.0,176,1900000,"1290 Versoix, GE",GE,,clean
2022-12-21,Neubau,4.5,123,1200000,"1424 Champagne, VD",VD,,clean
2022-12-21,Neubau,5.5,248,785000,"Zürichstrasse 3c, 4922 Bützberg, BE",BE,,clean
2022-12-21,Neubau,2.5,76,890000,"Kreuzackerweg 4, 4103 Bottmingen, BL",BL,,clean
2022-12-21,Neubau,4.5,154,1365000,"3963 Crans-Montana, VS",VS,,clean
2022-12-21,Neubau,4.5,123,1080000,"Via Orio 5, 6946 Ponte Capriasca, TI",TI,,clean
2022-12-21,Neubau,4.5,110,760000,"Schulstrasse 13, 8599 Salmsach, TG",TG,,clean
2022-12-21,Neubau,4.5,115,755000,"Schulstrasse 13, 8599 Salmsach, TG",TG,,clean
2022-12-21,Neubau,4.5,110,745000,"Schulstrasse 13, 8599 Salmsach, TG",TG,,clean
2022-12-21,Neubau,4.5,115,770000,"Schulstrasse 13, 8599 Salmsach, TG",TG,,clean
2022-12-21,Neubau,4.5,115,780000,"Schulstrasse 13, 8599 Salmsach, TG",TG,,clean
2022-12-21,Neubau,2.5,65,310000,"Rue du Pont, 1958 Uvrier, VS",VS,,clean
2022-12-21,Neubau,4.5,154,790000,"Rue du Pont, 1958 Uvrier, VS",VS,,clean
2022-12-21,Neubau,4.5,112,700000,"Weidweg 7, 9470 Buchs SG, SG",SG,,clean
2022-12-21,Neubau,4.5,146,1250000,"3963 Crans-Montana, VS",VS,,clean
2022-12-21,Neubau,4.5,156,1350000,"3963 Crans-Montana, VS",VS,,clean
2022-12-21,Neubau,4.5,112,745000,"Schulstrasse 13, 8599 Salmsach, TG",TG,,clean
2022-12-21,Neubau,4.5,148,1390000,"Schulstrasse 13, 8599 Salmsach, TG",TG,,clean
2022-12-21,Neubau,4.5,123,780000,"Via dei Gelsi, 6533 Lumino, TI",TI,,clean
2022-12-21,Neubau,4.5,111,865000,"Gallusstrasse, 8856 Tuggen, SZ",SZ,,clean
2022-12-21,Neubau,3.5,76,495000,"La Cua 7, 1563 Dompierre FR, FR",FR,,clean
2022-12-21,Neubau,4.5,78,780000,"Chemin du Belvédère, 1030 Bussigny, VD",VD,,clean
2022-12-21,Neubau,4.5,108,580000,"Rue de la Citadelle 11, 2610 St-Imier, BE",BE,,clean
2022-12-21,Neubau,4.5,136,995000,"Hauptstrasse 54, 4461 Böckten, BL",BL,,clean
2022-12-21,Neubau,4.5,133,1040000,"Hauptstrasse 54, 4461 Böckten, BL",BL,,clean
2022-12-21,Neubau,5.5,184,1050000,"Oklahomastrasse 31, 9249 Oberstetten, SG",SG,,clean
2022-12-21,Neubau,4.5,114,650000,"Oklahomastrasse 31, 9249 Oberstetten, SG",SG,,clean
2022-12-21,Neubau,6.0,135,0,"Le Crêt, 2735 Malleray, BE",BE,,clean
2022-12-21,Neubau,3.5,105,590000,"Bourg de l'Auge, 1636 Broc, FR",FR,,clean
2022-12-21,Neubau,5.5,178,1690000,"Mattrütistrasse, 5442 Fislisbach, AG",AG,,clean
2022-12-21,Neubau,3.5,96,490000,"Rue de la Citadelle 11, 2610 St-Imier, BE",BE,,clean
2022-12-21,Neubau,2.5,77,400000,"Rue de la Citadelle 11, 2610 St-Imier, BE",BE,,clean
2022-12-21,Neubau,4.5,136,0,"Bergstrasse, 4500 Solothurn, SO",SO,,clean
2022-12-21,Neubau,4.5,131,1585000,"Überbauung Widen, 6362 Stansstad, NW",NW,,clean
2022-12-21,Neubau,5.5,155,1280000,"Walhusen 6, 9526 Zuckenriet, SG",SG,,clean
2022-12-21,Neubau,4.5,110,760000,"Gummenstrasse, 2555 Brügg BE, BE",BE,,clean
2022-12-21,Neubau,4.5,178,1740000,"3963 Crans-Montana, VS",VS,,clean
2022-12-21,Neubau,4.5,112,678720,"Chemin d'Arche 30, 1870 Monthey, VS",VS,,clean
2022-12-21,Neubau,4.5,104,545000,"Route de Crans-Montana 61, 3960 Corin-de-la-Crête, VS",VS,,clean
2022-12-21,Neubau,4.5,154,0,"Crans-Montana, 3963 Crans-Montana, VS",VS,,clean
2022-12-21,Neubauprojekt,3.5,93,795000,"Balatrain 13, 7304 Maienfeld, GR",GR,,clean
2022-12-21,Neubauprojekt,3.5,93,985000,"Balatrain 25, 7304 Maienfeld, GR",GR,,clean
2022-12-21,Neubauprojekt,4.5,118,1005000,"Balatrain 13, 7304 Maienfeld, GR",GR,,clean
2022-12-21,Neubauprojekt,4.5,120,1235000,"Balatrain 21, 7304 Maienfeld, GR",GR,,clean
2022-12-21,Neubau,3.5,99,790000,"1616 Attalens, FR",FR,,clean
2022-12-21,Neubau,6.0,135,890000,"Le Crêt, 2735 Malleray, BE",BE,,clean
2022-12-21,Neubau,4.5,137,839360,"Avenue de France 11, 1870 Monthey, VS",VS,,clean
2022-12-21,Neubau,4.5,137,824400,"Avenue de France 11, 1870 Monthey, VS",VS,,clean
2022-12-21,Neubau,4.5,150,905400,"Avenue de France 11, 1870 Monthey, VS",VS,,clean
2022-12-21,Neubau,3.5,93,558600,"Avenue de France 11, 1870 Monthey, VS",VS,,clean
2022-12-21,Neubau,3.5,95,572700,"Avenue de France 11, 1870 Monthey, VS",VS,,clean
2022-12-21,Neubau,4.5,120,733220,"Avenue de France 11, 1870 Monthey, VS",VS,,clean
2022-12-21,Neubau,2.5,108,661850,"Avenue de France 11, 1870 Monthey, VS",VS,,clean
2022-12-21,Neubau,4.5,143,873520,"Avenue de France 11, 1870 Monthey, VS",VS,,clean
2022-12-21,Neubau,3.5,93,549290,"Avenue de France 11, 1870 Monthey, VS",VS,,clean
2022-12-21,Neubau,4.5,137,810660,"Avenue de France 11, 1870 Monthey, VS",VS,,clean
2022-12-21,Neubau,3.5,116,685875,"Avenue de France 11, 1870 Monthey, VS",VS,,clean
2022-12-21,Neubau,3.5,95,563155,"Avenue de France 11, 1870 Monthey, VS",VS,,clean
2022-12-21,Neubau,3.5,116,697500,"Avenue de France 11, 1870 Monthey, VS",VS,,clean
2022-12-21,Neubau,4.5,150,890310,"Avenue de France 11, 1870 Monthey, VS",VS,,clean
2022-12-21,Neubau,5.5,212,1480000,"Route de Bramois, 1950 Sion, VS",VS,,clean
2022-12-21,Neubau,4.5,142,850000,"Route de Bramois, 1950 Sion, VS",VS,,clean
2022-12-21,Neubau,3.5,130,840000,"Route de Bramois, 1950 Sion, VS",VS,,clean
2022-12-21,Neubau,4.5,123,780000,"6616 Losone, TI",TI,,clean
2022-12-21,Neubau,4.5,142,1080000,"Sonnenbergstrasse 3, 9445 Rebstein, SG",SG,,clean
2022-12-21,Neubau,5.5,215,0,"1803 Chardonne, VD",VD,,clean
2022-12-21,Neubau,2.5,53,325000,"La Cua 7, 1563 Dompierre FR, FR",FR,,clean
2022-12-21,Neubauprojekt,4.5,113,745000,"Schwendetalstrasse, 9057 Schwende, AI",AI,,clean
2022-12-21,Neubau,4.5,0,1350000,"Zum Höhenweg, 3900 Brigerbad, VS",VS,,clean
2022-12-21,Neubau,5.5,214,940000,"Hinterdorf 10, 2577 Siselen BE, BE",BE,,clean
2022-12-21,Neubau,3.5,65,380000,"Hinterdorf 10, 2577 Siselen BE, BE",BE,,clean
2022-12-21,Neubau,4.5,112,615000,"Hinterdorf 10, 2577 Siselen BE, BE",BE,,clean
2022-12-21,Neubau,4.5,120,598000,"Bielstrasse 12, 3237 Brüttelen, BE",BE,,clean
2022-12-21,Neubau,3.5,103,498000,"Bielstrasse 12, 3237 Brüttelen, BE",BE,,clean
2022-12-21,Neubau,2.5,79,375000,"Bielstrasse 12, 3237 Brüttelen, BE",BE,,clean
2022-12-21,Neubau,2.5,79,380000,"Bielstrasse 12, 3237 Brüttelen, BE",BE,,clean
2022-12-21,Neubau,3.5,102,595000,"1347 Le Sentier, VD",VD,,clean
2022-12-21,Neubauprojekt,3.5,108,930000,"Schwendetalstrasse, 9057 Schwende, AI",AI,,clean
2022-12-21,Neubau,4.5,127,1300000,"Via Rinaldo Simen 22, 6648 Minusio, TI",TI,,clean
2022-12-21,Neubau,4.5,89,490000,"1955 Chamoson, VS",VS,,clean
2022-12-21,Neubau,3.5,0,1190000,"1009 Pully, VD",VD,,clean
2022-12-21,Neubau,2.5,0,720000,"1009 Pully, VD",VD,,clean
2022-12-21,Neubau,3.5,79,462000,"1347 Le Sentier, VD",VD,,clean
2022-12-21,Neubau,3.5,103,594000,"1347 Le Sentier, VD",VD,,clean
2022-12-21,Neubau,3.5,79,462000,"1347 Le Sentier, VD",VD,,clean
2022-12-21,Neubau,2.5,67,462000,"1347 Le Sentier, VD",VD,,clean
2022-12-21,Neubau,5.5,170,1450000,"Stockhornstrasse, 3125 Toffen, BE",BE,,clean
2022-12-21,Neubau,4.5,128,895000,"Mühlehoschet 1c, 8867 Niederurnen, GL",GL,,clean
2022-12-21,Neubau,4.5,104,590000,"3960 Corin-de-la-Crête, VS",VS,,clean
2022-12-21,Neubau,5.5,170,990000,"1923 Les Marécottes, VS",VS,,clean
2022-12-21,Neubau,2.5,40,240000,"Pré Pury, 1749 Middes, FR",FR,,clean
2022-12-21,Neubau,2.5,55,320000,"Pré Pury, 1749 Middes, FR",FR,,clean
2022-12-21,Neubau,4.5,122,700000,"Pré Pury, 1749 Middes, FR",FR,,clean
2022-12-21,Neubau,2.5,55,315000,"Pré Pury, 1749 Middes, FR",FR,,clean
2022-12-21,Neubau,4.5,81,470000,"1525 Henniez, VD",VD,,clean
2022-12-21,Neubau,4.5,73,470000,"1525 Henniez, VD",VD,,clean
2022-12-21,Neubau,3.5,102,590000,"1347 Le Sentier, VD",VD,,clean
2022-12-21,Neubau,4.5,135,670000,"Sonnenstrasse, 3953 Leuk Stadt, VS",VS,,clean
2022-12-21,Neubau,5.5,152,740000,"Brückenmoosstrasse, 3942 Raron, VS",VS,,clean
2022-12-21,Neubau,2.5,63,520000,"Hinterdorfstrasse, 5707 Seengen, AG",AG,,clean
2022-12-21,Neubau,3.5,0,860000,"1717 St. Ursen, FR",FR,,clean
2022-12-21,Neubau,3.5,115,990000,"6942 Savosa, TI",TI,,clean
2022-12-21,Neubau,3.5,87,1970000,"Poststrasse 47, 7050 Arosa, GR",GR,,clean
2022-12-21,Neubau,3.5,77,1780000,"Poststrasse 47, 7050 Arosa, GR",GR,,clean
2022-12-21,Neubau,3.5,87,1970000,"Poststrasse 47, 7050 Arosa, GR",GR,,clean
2022-12-21,Neubau,4.5,113,2495000,"Poststrasse 47, 7050 Arosa, GR",GR,,clean
2022-12-21,Neubau,3.5,78,1780000,"Poststrasse 47, 7050 Arosa, GR",GR,,clean
2022-12-21,Neubau,4.5,113,2495000,"Poststrasse 47, 7050 Arosa, GR",GR,,clean
2022-12-21,Neubau,3.5,76,430000,"1525 Henniez, VD",VD,,clean
2022-12-21,Neubauprojekt,4.5,127,832000,"Schwendetalstrasse, 9057 Schwende, AI",AI,,clean
2022-12-21,Neubauprojekt,3.5,77,649000,"Schwendetalstrasse, 9057 Schwende, AI",AI,,clean
2022-12-21,Neubauprojekt,3.5,98,870000,"Schwendetalstrasse, 9057 Schwende, AI",AI,,clean
2022-12-21,Neubauprojekt,3.5,116,1020000,"Schwendetalstrasse, 9057 Schwende, AI",AI,,clean
2022-12-21,Neubauprojekt,4.5,130,1060000,"Schwendetalstrasse, 9057 Schwende, AI",AI,,clean
2022-12-21,Neubauprojekt,4.5,109,820000,"Schwendetalstrasse, 9057 Schwende, AI",AI,,clean
2022-12-21,Neubauprojekt,4.5,131,1100000,"Schwendetalstrasse, 9057 Schwende, AI",AI,,clean
2022-12-21,Neubauprojekt,3.5,111,880000,"Schwendetalstrasse, 9057 Schwende, AI",AI,,clean
2022-12-21,Neubauprojekt,5.5,146,926000,"Schwendetalstrasse, 9057 Schwende, AI",AI,,clean
2022-12-21,Neubauprojekt,4.5,118,990000,"Schwendetalstrasse, 9057 Schwende, AI",AI,,clean
2022-12-21,Neubauprojekt,3.5,113,955000,"Schwendetalstrasse, 9057 Schwende, AI",AI,,clean
2022-12-21,Neubauprojekt,4.5,125,908000,"Schwendetalstrasse, 9057 Schwende, AI",AI,,clean
2022-12-21,Neubauprojekt,3.5,116,865000,"Schwendetalstrasse, 9057 Schwende, AI",AI,,clean
2022-12-21,Neubauprojekt,4.5,121,820000,"Schwendetalstrasse, 9057 Schwende, AI",AI,,clean
2022-12-21,Neubauprojekt,4.5,109,925000,"Schwendetalstrasse, 9057 Schwende, AI",AI,,clean
2022-12-21,Neubauprojekt,5.5,159,985000,"Schwendetalstrasse, 9057 Schwende, AI",AI,,clean
2022-12-21,Neubauprojekt,4.5,137,820000,"Schwendetalstrasse, 9057 Schwende, AI",AI,,clean
2022-12-21,Neubauprojekt,4.5,146,960000,"Schwendetalstrasse, 9057 Schwende, AI",AI,,clean
2022-12-21,Neubauprojekt,4.5,114,860000,"Schwendetalstrasse, 9057 Schwende, AI",AI,,clean
2022-12-21,Neubau,3.5,87,542000,"Route de la Perrausa, 1727 Corpataux, FR",FR,,clean
2022-12-21,Neubau,2.0,79,766800,"Grande Combe 105, 3961 Grimentz, VS",VS,,clean
2022-12-21,Neubau,5.5,129,1080000,"Hinterdorfstrasse, 5707 Seengen, AG",AG,,clean
2022-12-21,Neubau,2.5,65,319000,"6830 Chiasso, TI",TI,,clean
2022-12-21,Neubau,0.0,0,0,"6598 Tenero, TI",TI,,clean
2022-12-21,unbekannt,1.5,43,295000,"Schwendistrasse 32, 8898 Flumserberg Tannenbodenalp, SG",SG,,clean
2022-12-21,unbekannt,2.5,57,650000,"Talstrasse 22, 7270 Davos Platz, GR",GR,,clean
2022-12-21,unbekannt,3.5,79,430000,"Bürgstrasse 14b, 3700 Spiez, BE",BE,,clean
2022-12-21,unbekannt,3.5,95,660000,"Sankt Gallerstrasse 152, 9320 Arbon, TG",TG,,clean
2022-12-21,serp_responsive#badge_new_building_lite,3.5,95,680000,"Sankt Gallerstrasse 152, 9320 Arbon, TG",TG,,clean
2022-12-21,unbekannt,5.5,111,645000,"7220 Schiers, GR",GR,,clean
2022-12-21,unbekannt,4.5,197,1790000,"Unterdorfstrasse 29, 9443 Widnau, SG",SG,,clean
2022-12-21,unbekannt,122.0,0,895000,"Unterdorfstrasse 29, 9443 Widnau, SG",SG,,clean
2022-12-21,unbekannt,4.5,134,1190000,"Stampfstrasse 27, 8645 Jona, SG",SG,,clean
2022-12-21,unbekannt,4.5,118,790000,"Hechtackerstrasse 22, 9014 St. Gallen, SG",SG,,clean
2022-12-21,unbekannt,4.5,101,1250000,"Stegstrasse 4, 8132 Egg b. Zürich, ZH",ZH,,clean
2022-12-21,unbekannt,3.5,75,570000,"Chemin de Pra-Jean 17, 1615 Bossonnens, FR",FR,,clean
2022-12-21,unbekannt,4.5,118,714000,"Schanzenstrasse, 3775 Lenk im Simmental, BE",BE,,clean
2022-12-21,unbekannt,5.5,147,840000,"Häbnistrasse 22, 5704 Egliswil, AG",AG,,clean
2022-12-21,unbekannt,3.5,94,765000,"Normannenweg 24, 3232 Ins, BE",BE,,clean
2022-12-21,unbekannt,5.5,147,2030000,"Weichselmattstrasse 10, 4103 Bottmingen, BL",BL,,clean
2022-12-21,serp_responsive#badge_new_building_lite,3.5,0,434900,"Chemin du Milieu 81, 1920 Martigny, VS",VS,,clean
2022-12-21,unbekannt,3.5,107,548000,"1913 Saillon, VS",VS,,clean
2022-12-21,unbekannt,4.5,143,795000,"1913 Saillon, VS",VS,,clean
2022-12-21,unbekannt,2.5,70,395000,"1913 Saillon, VS",VS,,clean
2022-12-21,unbekannt,4.5,124,695000,"1913 Saillon, VS",VS,,clean
2022-12-21,unbekannt,6.5,192,1360000,"Rue des Plantées 8, 2023 Gorgier, NE",NE,,clean
2022-12-21,unbekannt,3.5,111,795000,"Ober-Kuonimattweg 22, 6010 Kriens, LU",LU,,clean
2022-12-21,unbekannt,5.5,125,825000,"Schlüsselstrasse 4, 8645 Jona, SG",SG,,clean
2022-12-21,unbekannt,2.5,100,670000,"Schützenstrasse 13, 4552 Derendingen, SO",SO,,clean
2022-12-21,unbekannt,7.0,0,0,"1820 Montreux, VD",VD,,clean
2022-12-21,serp_responsive#badge_new_building_lite,4.5,97,0,"Rue du Port 31, 1820 Montreux, VD",VD,,clean
2022-12-21,unbekannt,4.0,98,950000,"1820 Montreux, VD",VD,,clean
2022-12-21,unbekannt,3.5,125,1450000,"Via Vitg dadens 10B, 7152 Sagogn, GR",GR,,clean
2022-12-21,unbekannt,4.5,125,0,"Gibelbach 5, 5647 Oberrüti, AG",AG,,clean
2022-12-21,unbekannt,2.5,70,685000,"1196 Gland, VD",VD,,clean
2022-12-21,unbekannt,4.5,125,580000,"2540 Grenchen, SO",SO,,clean
2022-12-21,unbekannt,3.5,77,445000,"Via Cantonale 3, 6576 Gerra (Gambarogno), TI",TI,,clean
2022-12-21,unbekannt,8.0,234,2750000,"Via Bertaro Lambertenghi 2, 6900 Lugano, TI",TI,,clean
2022-12-21,unbekannt,4.5,81,390000,"Brühlstrasse 125, 4500 Solothurn, SO",SO,,clean
2022-12-21,unbekannt,4.5,98,495000,"Föhrenweg 14, 3250 Lyss, BE",BE,,clean
2022-12-21,unbekannt,3.5,75,805000,"Oetlingerstrasse 150, 4057 Basel, BS",BS,,clean
2022-12-21,unbekannt,4.5,101,690000,"8580 Amriswil, TG",TG,,clean
2022-12-21,unbekannt,3.5,87,660000,"Fliederstrasse 10, 9200 Gossau SG, SG",SG,,clean
2022-12-21,unbekannt,3.5,128,670000,"Avenue des Alpes 6, 3960 Sierre, VS",VS,,clean
2022-12-21,unbekannt,2.5,68,620000,"Chemin des Crêtes 44, 1997 Haute-Nendaz, VS",VS,,clean
2022-12-21,unbekannt,4.5,125,850000,"Hauptstrasse 9F, 2575 Gerolfingen, BE",BE,,clean
2022-12-21,Neubau,4.5,0,1190000,"Weingartenstrasse 13, 8371 Busswil TG, TG",TG,,clean
2022-12-21,Neubau,3.5,0,950000,"Weingartenstrasse 13, 8371 Busswil TG, TG",TG,,clean
2022-12-21,unbekannt,5.5,101,598000,"8570 Weinfelden, TG",TG,,clean
2022-12-21,unbekannt,4.5,126,1300000,"Metzgerstrasse 7, 8406 Winterthur, ZH",ZH,,clean
2022-12-21,unbekannt,5.5,130,930000,"Holenackerstrasse 47, 3027 Bern, BE",BE,,clean
2022-12-21,unbekannt,2.5,82,725000,"Storchenweg 1, 3, 5, 9, 11, 13, 15 / Bertschenacker 11, 13, 15, 4104 Oberwil BL, BL",BL,,clean
2022-12-21,unbekannt,1.5,94,750000,"Storchenweg 1, 3, 5, 9, 11, 13, 15 / Bertschenacker 11, 13, 15, 4104 Oberwil BL, BL",BL,,clean
2022-12-21,unbekannt,3.5,186,1268000,"Storchenweg 1, 3, 5, 9, 11, 13, 15 / Bertschenacker 11, 13, 15, 4104 Oberwil BL, BL",BL,,clean
2022-12-21,unbekannt,4.5,205,1325000,"Storchenweg 1, 3, 5, 9, 11, 13, 15 / Bertschenacker 11, 13, 15, 4104 Oberwil BL, BL",BL,,clean
2022-12-21,unbekannt,3.5,96,720000,"Lingerizstrasse 80, 2540 Grenchen, SO",SO,,clean
2022-12-21,unbekannt,5.5,135,1195000,"Walderstrasse 43C, 8340 Hinwil, ZH",ZH,,clean
2022-12-21,unbekannt,0.0,0,490000,"Bodenmattstrasse 3, 3752 Wimmis, BE",BE,,clean
2022-12-21,unbekannt,3.5,130,1700000,"Hallenrain 6, 4104 Oberwil BL, BL",BL,,clean
2022-12-21,unbekannt,5.5,103,600000,"Mitteldorfstrasse 44, 9524 Zuzwil SG, SG",SG,,clean
2022-12-21,unbekannt,1.5,33,195500,"Rohrstrasse 3, 3507 Biglen, BE",BE,,clean
2022-12-21,unbekannt,5.5,162,0,"Unterdorfstrasse 7, 3322 Urtenen-Schönbühl, BE",BE,,clean
2022-12-21,unbekannt,6.5,0,1195000,"4800 Zofingen, AG",AG,,clean
2022-12-21,unbekannt,4.5,122,810000,"Feld 1, 3427 Utzenstorf, BE",BE,,clean
2022-12-21,unbekannt,4.5,164,0,"Johannes-Hirt-Strasse, 8804 Au ZH, ZH",ZH,,clean
2022-12-21,unbekannt,4.5,100,550000,"Rue de l'Orée-du-Bois 13, 2300 La Chaux-de-Fonds, NE",NE,,clean
2022-12-21,unbekannt,4.5,1142,550000,"Allée des Meuqueux 1, 2300 La Chaux-de-Fonds, NE",NE,,clean
2022-12-21,unbekannt,3.5,103,640000,"Bürenstrasse 17, 3298 Oberwil b. Büren, BE",BE,,clean
2022-12-21,unbekannt,6.0,285,567400,"Rue des fougères 27, 1964 Conthey, VS",VS,,clean
2022-12-21,unbekannt,4.5,130,895000,"7204 Untervaz, GR",GR,,clean
2022-12-21,unbekannt,5.5,130,745000,"Girardstrasse 10, 2540 Grenchen, SO",SO,,clean
2022-12-21,unbekannt,4.5,125,1540000,"Blauenweg 3, 4107 Ettingen, BL",BL,,clean
2022-12-21,unbekannt,4.5,112,550000,"3363 Oberönz, BE",BE,,clean
2022-12-21,unbekannt,4.5,131,645000,"6017 Ruswil, LU",LU,,clean
2022-12-21,unbekannt,5.0,113,1580000,"1288 Aire-la-Ville, GE",GE,,clean
2022-12-21,unbekannt,4.5,144,760000,"Bleike 19, 3911 Ried-Brig, VS",VS,,clean
2022-12-21,unbekannt,5.5,181,1274000,"Bleike 19, 3911 Ried-Brig, VS",VS,,clean
2022-12-21,unbekannt,5.5,143,1065000,"Selmattweg 4, 4246 Wahlen b. Laufen, BL",BL,,clean
2022-12-21,unbekannt,5.5,143,1058000,"Selmattweg 4, 4246 Wahlen b. Laufen, BL",BL,,clean
2022-12-21,unbekannt,2.5,69,550000,"Laufenstrasse 59a, 4246 Wahlen b. Laufen, BL",BL,,clean
2022-12-21,unbekannt,4.5,117,877500,"Laufenstrasse 59a, 4246 Wahlen b. Laufen, BL",BL,,clean
2022-12-21,unbekannt,4.5,102,776000,"Laufenstrasse 59, 4246 Wahlen b. Laufen, BL",BL,,clean
2022-12-21,unbekannt,3.5,81,657000,"Laufenstrasse 59, 4246 Wahlen b. Laufen, BL",BL,,clean
2022-12-21,unbekannt,3.5,81,640000,"Laufenstrasse 59, 4246 Wahlen b. Laufen, BL",BL,,clean
2022-12-21,unbekannt,4.5,108,945000,"Laufenstrasse 59, 4246 Wahlen b. Laufen, BL",BL,,clean
2022-12-21,unbekannt,2.5,73,770000,"Chemin de la Cure 12, 1092 Belmont-sur-Lausanne, VD",VD,,clean
2022-12-21,unbekannt,4.5,112,755000,"Säntisstrasse 29, 8580 Amriswil, TG",TG,,clean
2022-12-21,unbekannt,4.5,95,950000,"Chemin des Moilles, 1873 Champoussin, VS",VS,,clean
2022-12-21,unbekannt,3.5,91,585000,"Rue de l'Ancien-Comté 9, 1635 La Tour-de-Trême, FR",FR,,clean
2022-12-21,unbekannt,2.0,47,359000,"Birkenweg 38, 3072 Ostermundigen, BE",BE,,clean
2022-12-21,unbekannt,3.5,96,730000,"Selmattweg 4, 4246 Wahlen b. Laufen, BL",BL,,clean
2022-12-21,unbekannt,4.5,103,1250000,"Rue Cité-Derrière 3, 1005 Lausanne, VD",VD,,clean
2022-12-21,unbekannt,4.5,120,675000,"5737 Menziken, AG",AG,,clean
2022-12-21,unbekannt,4.5,118,1290000,"Blümlimattweg 1J, 3600 Thun, BE",BE,,clean
2022-12-21,unbekannt,1.5,30,200000,"3716 Kandergrund, BE",BE,,clean
2022-12-21,unbekannt,3.5,88,550000,"Husmattstrasse 5, 3123 Belp, BE",BE,,clean
2022-12-21,unbekannt,2.5,85,850000,"Länggassstrasse 65, 3012 Bern, BE",BE,,clean
2022-12-21,unbekannt,4.5,111,1290000,"Avenue de Morges 119 A, 1004 Lausanne, VD",VD,,clean
2022-12-21,unbekannt,4.0,95,0,"Maulbeerweg 5, 4512 Bellach, SO",SO,,clean
2022-12-21,unbekannt,4.5,128,820000,"Lyssstrasse 4, 3267 Seedorf BE, BE",BE,,clean
2022-12-21,unbekannt,2.5,89,345000,"1880 Bex, VD",VD,,clean
2022-12-21,unbekannt,4.5,116,1190000,"Rappenmööslistrasse 30, 8840 Einsiedeln, SZ",SZ,,clean
2022-12-21,unbekannt,4.5,160,2250000,"Winterbergstrasse 7, 8804 Au ZH, ZH",ZH,,clean
2022-12-21,unbekannt,5.5,143,1280000,"Burgunderweg 68, 2505 Biel/Bienne, BE",BE,,clean
2022-12-21,unbekannt,6.0,248,2980000,"1, chemin de la Gevrière, 1213 Onex, GE",GE,,clean
2022-12-21,unbekannt,4.5,126,1260000,"Haldenstrasse 1a, 9524 Zuzwil SG, SG",SG,,clean
2022-12-21,unbekannt,4.5,116,710000,"Bernstrasse 77, 3122 Kehrsatz, BE",BE,,clean
2022-12-21,unbekannt,3.5,84,310000,"Rue Plantassage 4, 3976 Noës, VS",VS,,clean
2022-12-21,unbekannt,2.5,58,235000,"Les Tauges 25, 1973 Nax, VS",VS,,clean
2022-12-21,unbekannt,5.5,163,789500,"Termerweg 21, 3900 Brig, VS",VS,,clean
2022-12-21,unbekannt,4.5,170,1595000,"Spinnereistrasse 6, 5210 Windisch, AG",AG,,clean
2022-12-21,unbekannt,7.5,255,4250000,"Rue de la Cloche 6, 1201 Genève, GE",GE,,clean
2022-12-21,unbekannt,4.5,141,695000,"Kleinfeldstrasse 4, 4652 Winznau, SO",SO,,clean
2022-12-21,unbekannt,1.0,31,250000,"Fischermätteliweg 12, 3400 Burgdorf, BE",BE,,clean
2022-12-21,Neubau,2.5,68,460000,"Mühlestrasse 32, 3362 Niederönz, BE",BE,,clean
2022-12-21,Neubau,4.5,120,675000,"Allmend 3, 3504 Oberhünigen, BE",BE,,clean
2022-12-21,unbekannt,4.5,101,448000,"Dorfstrasse 23, 3473 Alchenstorf, BE",BE,,clean
2022-12-21,unbekannt,3.5,69,680000,"Av. de la Rochelle 39, 1008 Prilly, VD",VD,,clean
2022-12-21,unbekannt,4.5,97,1260000,"Av. de la Rochelle 39, 1008 Prilly, VD",VD,,clean
2022-12-21,unbekannt,3.5,71,450000,"Langsamstigstrasse 7, 5600 Lenzburg, AG",AG,,clean
2022-12-21,unbekannt,4.5,193,1240000,"Bachserstrasse 17, 8162 Steinmaur, ZH",ZH,,clean
2022-12-21,unbekannt,2.5,60,370000,"Wasgenring 92, 4055 Basel, BS",BS,,clean
2022-12-21,unbekannt,5.5,135,0,"Geriwil 24, 1715 Alterswil FR, FR",FR,,clean
2022-12-21,unbekannt,2.5,51,390000,"Büchelstrasse 3, 9443 Widnau, SG",SG,,clean
2022-12-21,unbekannt,4.5,174,0,"Klusweg 1, 7250 Klosters, GR",GR,,clean
2022-12-21,unbekannt,3.5,88,1545000,"Promenade 95, 7270 Davos Platz, GR",GR,,clean
2022-12-21,unbekannt,2.5,70,510000,"Chemin de la coula 50, 1618 Châtel-St-Denis, FR",FR,,clean
2022-12-21,unbekannt,4.5,105,865000,"Ober-Kuonimattweg 22, 6010 Kriens, LU",LU,,clean
2022-12-21,unbekannt,5.5,171,890000,"Route du Pont Rouge, 1870 Monthey, VS",VS,,clean
2022-12-21,unbekannt,3.5,132,695000,"Route du Pont Rouge, 1870 Monthey, VS",VS,,clean
2022-12-21,unbekannt,1.5,37,204000,"Avenue des Alpes 15, 3960 Sierre, VS",VS,,clean
2022-12-21,unbekannt,4.5,143,849000,"Eigerweg 26, 4912 Aarwangen, BE",BE,,clean
2022-12-21,unbekannt,3.0,69,509000,"Via Industria 6B, 6900 Lugano, TI",TI,,clean
2022-12-21,unbekannt,5.5,155,420000,"Rue des Champs 11, 2300 La Chaux-de-Fonds, NE",NE,,clean
2022-12-21,unbekannt,3.5,0,890000,"Chemin de la Fauvette 24, 1012 Lausanne, VD",VD,,clean
2022-12-21,unbekannt,5.5,174,3700000,"Eschering 14, 6300 Zug, ZG",ZG,,clean
2022-12-21,unbekannt,4.5,144,2230000,"Höhenweg 24, 5035 Unterentfelden, AG",AG,,clean
2022-12-21,unbekannt,5.0,120,1500000,"chemin du Daru 37, 1228 Plan-les-Ouates, GE",GE,,clean
2022-12-21,unbekannt,4.5,163,1650000,"9037 Speicherschwendi, AR",AR,,clean
2022-12-21,unbekannt,5.5,175,0,"8560 Märstetten, TG",TG,,clean
2022-12-21,unbekannt,5.5,106,825000,"Viale alle Cantine 4, 6850 Mendrisio, TI",TI,,clean
2022-12-21,unbekannt,3.5,96,860000,"Wahlackerstrasse 3, 3052 Zollikofen, BE",BE,,clean
2022-12-21,unbekannt,4.5,166,1370000,"Domleschgerstrasse, 7411 Sils im Domleschg, GR",GR,,clean
2022-12-21,unbekannt,3.5,121,845000,"Via Giuseppe Cattori 7, 6600 Locarno, TI",TI,,clean
2022-12-21,unbekannt,4.5,130,950000,"Rue Ste-Marguerite 5, 1950 Sion, VS",VS,,clean
2022-12-21,unbekannt,6.5,275,2450000,"3963 Crans-Montana, VS",VS,,clean
2022-12-21,unbekannt,5.5,186,1620000,"Fahrwangenstrasse 3, 6287 Aesch LU, LU",LU,,clean
2022-12-21,unbekannt,5.5,155,550000,"Rue des Champs 11, 2300 La Chaux-de-Fonds, NE",NE,,clean
2022-12-21,unbekannt,5.5,150,860000,"Grabackerstrasse 23, 8722 Kaltbrunn, SG",SG,,clean
2022-12-21,unbekannt,4.5,88,435000,"Rankwog 2, 4632 Trimbach, SO",SO,,clean
2022-12-21,unbekannt,5.5,140,0,"Tuchmacherstrasse 76, 8041 Zürich, ZH",ZH,,clean
2022-12-21,unbekannt,3.5,97,720000,"Alice Vogt-Strasse 11, 4226 Breitenbach, SO",SO,,clean
2022-12-21,unbekannt,4.5,100,565000,"Schulstrasse 303, 5326 Schwaderloch, AG",AG,,clean
2022-12-21,unbekannt,178.0,0,1705000,"Ferrajoz-Millière, 1052 Le Mont-sur-Lausanne, VD",VD,,clean
2022-12-21,unbekannt,4.5,114,840000,"Sportstrasse 8/8a, 9200 Gossau SG, SG",SG,,clean
2022-12-21,unbekannt,6.0,180,1285000,"Route du Château d'Affry, 1762 Givisiez, FR",FR,,clean
2022-12-21,unbekannt,3.5,105,470000,"Route de Sion 30B, 1974 Arbaz, VS",VS,,clean
2022-12-21,unbekannt,4.5,108,795000,"Landstrasse 111, 5415 Nussbaumen AG, AG",AG,,clean
2022-12-21,unbekannt,3.5,79,0,"Bifang 8, 8757 Filzbach, GL",GL,,clean
2022-12-21,unbekannt,3.0,70,1190000,"Route de Verbier Station, 1936 Verbier, VS",VS,,clean
2022-12-21,unbekannt,4.5,106,595000,"3714 Wengi b. Frutigen, BE",BE,,clean
2022-12-21,unbekannt,3.5,95,790000,"Hasenbergstrasse 2, 8953 Dietikon, ZH",ZH,,clean
2022-12-21,unbekannt,3.5,94,470000,"Agges, 1635 La Tour-de-Trême, FR",FR,,clean
2022-12-21,unbekannt,4.5,110,559000,"Hintere Schachenstrasse 43, 5013 Niedergösgen, SO",SO,,clean
2022-12-21,unbekannt,5.0,140,1800000,"Route de la Moubra, 21, 3963 Crans-Montana, VS",VS,,clean
2022-12-21,unbekannt,4.5,110,697000,"5242 Lupfig, AG",AG,,clean
2022-12-21,unbekannt,4.5,106,580000,"Bielstrasse 17, 3252 Worben, BE",BE,,clean
2022-12-21,unbekannt,5.0,401,11999900,"Haldenstrasse 57, 6006 Luzern, LU",LU,,clean
2022-12-21,unbekannt,4.5,121,795000,"Flugbrunnenstrasse 20A, 3000 Bern, BE",BE,,clean
2022-12-21,unbekannt,3.5,101,1370000,"Breitestrasse 47, 4132 Muttenz, BL",BL,,clean
2022-12-21,Neubau,5.5,175,878000,"Druckerstutz 17, 3436 Zollbrück, BE",BE,,clean
2022-12-21,unbekannt,5.5,130,995000,"Geschinaweg 23, 3900 Brig, VS",VS,,clean
2022-12-21,unbekannt,4.5,112,685000,"Oberdorfstrasse 1, 9506 Lommis, TG",TG,,clean
2022-12-21,unbekannt,4.0,132,1500000,"Chemin de l'Argilière, 1234 Vessy, GE",GE,,clean
2022-12-21,unbekannt,0.0,0,309000,"45.848554, 9.013788, 6834 Morbio Inferiore, TI",TI,,clean
2022-12-21,unbekannt,5.5,160,0,"3900 Brig, VS",VS,,clean
2022-12-21,unbekannt,3.5,88,890000,"Postgässli 12, 8345 Adetswil, ZH",ZH,,clean
2022-12-21,unbekannt,2.5,56,399000,"Rue des Comtes 1, 1680 Romont FR, FR",FR,,clean
2022-12-21,unbekannt,4.5,110,803000,"Route de Bettens 27, 1306 Daillens, VD",VD,,clean
2022-12-21,unbekannt,4.5,168,2650000,"Raintrasse 16, 8134 Adliswil, ZH",ZH,,clean
2022-12-21,unbekannt,3.5,90,535000,"Jurastrasse 8, 5442 Fislisbach, AG",AG,,clean
2022-12-21,unbekannt,5.0,135,750000,"Schüssemattstrasse 2, 5736 Burg AG, AG",AG,,clean
2022-12-21,unbekannt,4.5,108,970000,"Kilchmattstrasse, 18, 4132 Muttenz, BL",BL,,clean
2022-12-21,unbekannt,4.5,112,725000,"Säntisstrasse 29, 8580 Amriswil, TG",TG,,clean
2022-12-21,unbekannt,5.5,169,1395000,"Säntisstrasse 29, 8580 Amriswil, TG",TG,,clean
2022-12-21,unbekannt,3.5,92,1120000,"Avenue du Prieuré 21, 1009 Pully, VD",VD,,clean
2022-12-21,unbekannt,4.5,122,980000,"1400 Yverdon-les-Bains, VD",VD,,clean
2022-12-21,unbekannt,5.5,120,695000,"Ch.arche 19 a, 1870 Monthey, VS",VS,,clean
2022-12-21,unbekannt,4.5,140,2450000,"6047 Kastanienbaum, LU",LU,,clean
2022-12-21,unbekannt,3.5,98,885000,"Via Gerso, 6900 Lugano, TI",TI,,clean
2022-12-21,unbekannt,2.5,72,545000,"Via Gerso, 6900 Lugano, TI",TI,,clean
2022-12-21,unbekannt,4.5,123,965000,"Luzernerstrasse 50, 4800 Zofingen, AG",AG,,clean
2022-12-21,unbekannt,4.0,103,1450000,"1228 Plan-les-Ouates, GE",GE,,clean
2022-12-21,unbekannt,4.5,187,3550000,"Ritomgasse 14, 6490 Andermatt, UR",UR,,clean
2022-12-21,unbekannt,6.5,155,0,"Giacomettistrasse 16, 3006 Bern, BE",BE,,clean
2022-12-21,unbekannt,4.5,120,690000,"Bachwegen 23, 8739 Rieden SG, SG",SG,,clean
2022-12-21,unbekannt,5.5,132,795000,"Nieschbergstrasse 35, 9100 Herisau, AR",AR,,clean
2022-12-21,unbekannt,2.5,51,680000,"Leimenstrasse 21, 4051 Basel, BS",BS,,clean
2022-12-21,unbekannt,1.5,38,320000,"Rue de Morat 59, 1700 Fribourg, FR",FR,,clean
2022-12-21,unbekannt,4.5,113,835000,"Cheerstrasse 13b, 6014 Luzern, LU",LU,,clean
2022-12-21,unbekannt,4.5,73,685000,"Bellikerstrasse 16, 8964 Rudolfstetten, AG",AG,,clean
2022-12-21,unbekannt,4.5,143,1470000,"Rietgrabenstrasse 60B, 8152 Opfikon, ZH",ZH,,clean
2022-12-21,unbekannt,4.5,96,515000,"Route de Verbier 68, 1934 Le Châble VS, VS",VS,,clean
2022-12-21,unbekannt,1.0,25,195000,"Route des Mayens, 3963 Crans-Montana, VS",VS,,clean
2022-12-21,unbekannt,3.5,117,695000,"Rebmattweg 1, 5234 Villigen, AG",AG,,clean
2022-12-21,unbekannt,4.5,131,760000,"Rebmattweg 1, 5234 Villigen, AG",AG,,clean
2022-12-21,unbekannt,4.5,120,1250000,"Avenue du Château, 1008 Prilly, VD",VD,,clean
2022-12-21,unbekannt,4.5,144,980000,"Volkshausstrasse 21B, 9630 Wattwil, SG",SG,,clean
2022-12-21,unbekannt,7.0,160,1940000,"1233 Bernex, GE",GE,,clean
2022-12-21,unbekannt,0.0,0,550000,"Hanfgarten 3, 5415 Nussbaumen AG, AG",AG,,clean
2022-12-21,unbekannt,4.5,120,0,"Viale Monte Verità 27C, 6612 Ascona, TI",TI,,clean
2022-12-21,unbekannt,4.5,128,740000,"Grenzstrasse 4, 2558 Aegerten, BE",BE,,clean
2022-12-21,unbekannt,3.5,92,615000,"Grenzstrasse 4, 2558 Aegerten, BE",BE,,clean
2022-12-21,unbekannt,3.5,80,495000,"Pintenweg, 6146 Grossdietwil, LU",LU,,clean
2022-12-21,unbekannt,4.5,143,1100000,"8400 Winterthur, ZH",ZH,,clean
2022-12-21,unbekannt,3.5,108,605000,"Oberdorf 9, 6166 Hasle LU, LU",LU,,clean
2022-12-21,unbekannt,4.0,130,3990000,"Via Tinus, 7500 St. Moritz, GR",GR,,clean
2022-12-21,unbekannt,4.5,126,768000,"Wolfwilerstrasse 31, 4623 Neuendorf, SO",SO,,clean
2022-12-21,unbekannt,3.5,110,1005000,"1865 Les Diablerets, VD",VD,,clean
2022-12-21,unbekannt,4.5,135,1320000,"Muttenstrasse 33, 5712 Beinwil am See, AG",AG,,clean
2022-12-21,unbekannt,0.0,0,0,"Schmiedgasse 5, 6182 Escholzmatt, LU",LU,,clean
2022-12-21,Neubau,5.5,130,0,"1820 Montreux, VD",VD,,clean
2022-12-21,unbekannt,4.5,100,1650000,"undere Waldmattenstrasse 8, 3778 Schönried, BE",BE,,clean
2022-12-21,unbekannt,4.5,166,1470000,"Domleschgerstrasse, 7411 Sils im Domleschg, GR",GR,,clean
2022-12-21,unbekannt,4.5,166,1320000,"Domleschgerstrasse, 7411 Sils im Domleschg, GR",GR,,clean
2022-12-21,unbekannt,5.5,160,1690000,"Sonnenrain 9B, 6102 Malters, LU",LU,,clean
2022-12-21,Neubauprojekt,2.5,66,400000,"Vielmattstrasse, 3512 Walkringen, BE",BE,,clean
2022-12-21,Neubauprojekt,2.5,66,400000,"Vielmattstrasse, 3512 Walkringen, BE",BE,,clean
2022-12-21,Neubauprojekt,4.5,108,685000,"Vielmattstrasse, 3512 Walkringen, BE",BE,,clean
2022-12-21,Neubauprojekt,4.5,107,810000,"Vielmattstrasse, 3512 Walkringen, BE",BE,,clean
2022-12-21,Neubauprojekt,4.5,107,620000,"Kanalstrasse 26 b, 8575 Bürglen TG, TG",TG,,clean
2022-12-21,unbekannt,4.5,92,665000,"Hofackerstrasse 4, 5073 Gipf-Oberfrick, AG",AG,,clean
2022-12-21,unbekannt,4.5,133,918800,"4417 Ziefen, BL",BL,,clean
2022-12-21,unbekannt,3.5,96,1770000,"Gerenstrasse 14, 8712 Stäfa, ZH",ZH,,clean
2022-12-21,unbekannt,4.0,96,338000,"Stössen 828, 3154 Rüschegg Heubach, BE",BE,,clean
2022-12-21,unbekannt,8.0,324,3800000,"Via Campagnola, 6852 Genestrerio, TI",TI,,clean
2022-12-21,unbekannt,3.0,85,540000,"via merlina, 6900 Lugano, TI",TI,,clean
2022-12-21,unbekannt,5.5,153,940000,"Kirchfeld, 6162 Entlebuch, LU",LU,,clean
2022-12-21,unbekannt,4.5,85,690000,"Chemin de Champavoi 2, 1941 Vollèges, VS",VS,,clean
2022-12-21,unbekannt,3.5,71,395000,"Schwabstrasse 80, 3018 Bern, BE",BE,,clean
2022-12-21,unbekannt,3.5,94,585000,"7460 Savognin, GR",GR,,clean
2022-12-21,unbekannt,3.5,110,990000,"Sentiero Mozzana 1, 6614 Brissago, TI",TI,,clean
2022-12-21,unbekannt,4.5,111,880000,"Rebbergstrasse 17D, 5610 Wohlen AG, AG",AG,,clean
2022-12-21,unbekannt,0.0,0,1490000,"Chemin de la Farette 4, 1232 Confignon, GE",GE,,clean
2022-12-21,unbekannt,4.0,110,540000,"Zenhäusernstrasse 1, 3902 Glis, VS",VS,,clean
2022-12-21,unbekannt,4.5,93,690000,"Grossenstein 3, 3662 Seftigen, BE",BE,,clean
2022-12-21,unbekannt,4.5,106,775000,"Avenue Pierre-de-Savoie 49A, 1400 Yverdon-les-Bains, VD",VD,,clean
2022-12-21,unbekannt,4.5,144,730000,"Gygerweg 36, 3700 Spiez, BE",BE,,clean
2022-12-21,unbekannt,3.5,96,900000,"Via Serafino Balestra 13 a, 6600 Locarno, TI",TI,,clean
2022-12-21,unbekannt,4.5,110,625000,"Mühliacherweg 14, 5105 Auenstein, AG",AG,,clean
2022-12-21,unbekannt,4.5,120,1350000,"Avenue du Château, 1008 Prilly, VD",VD,,clean
2022-12-21,Neubau,4.5,172,835000,"Ringstrasse 1, 3362 Niederönz, BE",BE,,clean
2022-12-21,unbekannt,6.5,268,3500000,"Via Gerso, 6900 Lugano, TI",TI,,clean
2022-12-21,unbekannt,4.5,250,3000000,"Lungo lago Motta, 6815 Melide, TI",TI,,clean
2022-12-21,unbekannt,4.5,144,660000,"Stockmattweg 7, 3296 Arch, BE",BE,,clean
2022-12-21,unbekannt,4.5,180,995000,"Mülibüüne 8, 3422 Kirchberg BE, BE",BE,,clean
2022-12-21,Neubau,5.5,175,1690000,"Haldenstrasse 30, 9548 Matzingen, TG",TG,,clean
2022-12-21,unbekannt,4.5,110,295000,"Hostet 7, 4558 Heinrichswil, SO",SO,,clean
2022-12-21,Neubau,5.5,180,1490000,"Fürstenlandstrasse 69, 9500 Wil SG, SG",SG,,clean
2022-12-21,Neubau,3.5,153,745000,"Ringstrasse 5, 3362 Niederönz, BE",BE,,clean
2022-12-21,Neubau,5.5,113,675000,"Rossweid 3, 5619 Büttikon AG, AG",AG,,clean
2022-12-21,Neubau,4.5,139,950000,"Via Portiora, 15, 6500 Bellinzona, TI",TI,,clean
2022-12-21,unbekannt,4.5,96,630000,"Zuberweg 12, 3608 Thun, BE",BE,,clean
2022-12-21,unbekannt,4.5,119,798000,"Möslistrasse 12, 4532 Feldbrunnen, SO",SO,,clean
2022-12-21,unbekannt,3.5,84,525000,"Kornhausgasse 9, 3400 Burgdorf, BE",BE,,clean
2022-12-21,Neubau,4.5,92,635000,"Vordergasse 8, 3858 Hofstetten b. Brienz, BE",BE,,clean
2022-12-21,Neubau,4.5,78,560000,"Vordergasse 6, 3858 Hofstetten b. Brienz, BE",BE,,clean
2022-12-21,Neubau,4.5,92,665000,"Vordergasse 8, 3858 Hofstetten b. Brienz, BE",BE,,clean
2022-12-21,Neubau,4.5,92,645000,"Vordergasse 8, 3858 Hofstetten b. Brienz, BE",BE,,clean
2022-12-21,unbekannt,5.5,131,1387000,"Zielstrasse 4, 8400 Winterthur, ZH",ZH,,clean
2022-12-21,unbekannt,3.5,67,380000,"Bahnhofstrasse 13, 8887 Mels, SG",SG,,clean
2022-12-21,unbekannt,8.5,246,2650000,"Therwilerstrasse 29, 4104 Oberwil BL, BL",BL,,clean
2022-12-21,unbekannt,2.5,68,495000,"Scheibenstrasse 15, 3600 Thun, BE",BE,,clean
2022-12-21,unbekannt,3.5,132,885000,"Untere Grundgasse 7, 9500 Wil SG, SG",SG,,clean
2022-12-21,unbekannt,4.5,150,1025000,"Untere Grundgasse 7, 9500 Wil SG, SG",SG,,clean
2022-12-21,unbekannt,3.5,116,795000,"Grundweg 11, 9500 Wil SG, SG",SG,,clean
2022-12-21,Neubau,3.5,78,580000,"Vordergasse 6, 3858 Hofstetten b. Brienz, BE",BE,,clean
2022-12-21,unbekannt,3.5,86,455000,"1993 Veysonnaz, VS",VS,,clean
2022-12-21,unbekannt,4.5,108,1300000,"Haldensteig 19, 8708 Männedorf, ZH",ZH,,clean
2022-12-21,Neubau,4.5,115,750000,"Hauptstrasse 64, 8269 Fruthwilen, TG",TG,,clean
2022-12-21,unbekannt,4.5,119,638000,"Simmenfluhstrasse 2, 3752 Wimmis, BE",BE,,clean
2022-12-21,unbekannt,4.5,126,785000,"Feldgass 7, 9478 Azmoos, SG",SG,,clean
2022-12-21,unbekannt,3.5,150,2565000,"Via Verbano 9, 6648 Minusio, TI",TI,,clean
2022-12-21,unbekannt,3.5,155,990000,"Via alla Rocca 2, 6600 Locarno, TI",TI,,clean
2022-12-21,unbekannt,4.5,160,1650000,"Blumenhalde 9, 6010 Kriens, LU",LU,,clean
2022-12-21,unbekannt,3.5,71,490000,"Eschenweg 2, 6207 Nottwil, LU",LU,,clean
2022-12-21,unbekannt,3.5,160,1375000,"Untere Grundgasse 7, 9500 Wil SG, SG",SG,,clean
2022-12-21,unbekannt,4.5,175,1625000,"Untere Grundgasse 9, 9500 Wil SG, SG",SG,,clean
2022-12-21,unbekannt,5.5,173,1145000,"Untere Grundgasse 8, 9500 Wil SG, SG",SG,,clean
2022-12-21,unbekannt,4.5,155,970000,"Untere Grundgasse 9, 9500 Wil SG, SG",SG,,clean
2022-12-21,unbekannt,4.5,180,1585000,"Untere Grundgasse 8, 9500 Wil SG, SG",SG,,clean
2022-12-21,unbekannt,4.5,130,635000,"Schulstrasse 3B, 3296 Arch, BE",BE,,clean
2022-12-21,unbekannt,5.5,212,1449000,"1950 Sion, VS",VS,,clean
2022-12-21,unbekannt,5.5,140,1197000,"Hintermühlenstrasse 5, 8409 Winterthur, ZH",ZH,,clean
2022-12-21,unbekannt,3.5,112,1045000,"Allewindestrasse 4, 5436 Würenlos, AG",AG,,clean
2022-12-21,unbekannt,4.5,112,1320000,"Parkallee 2, 8952 Schlieren, ZH",ZH,,clean
2022-12-21,unbekannt,2.0,95,650000,"Via delle Scuole 13, 6900 Paradiso, TI",TI,,clean
2022-12-21,unbekannt,1.0,53,440000,"Via Marco da Carona 9, 6900 Lugano, TI",TI,,clean
2022-12-21,unbekannt,3.5,140,0,"Niederstad 20, 6053 Alpnachstad, OW",OW,,clean
2022-12-21,unbekannt,4.5,110,860000,"1997 Haute-Nendaz, VS",VS,,clean
2022-12-21,unbekannt,4.5,123,990000,"1950 Sion, VS",VS,,clean
2022-12-21,unbekannt,3.5,81,530000,"Allmendingenstrasse 61, 3608 Thun, BE",BE,,clean
2022-12-21,unbekannt,6.5,160,1650000,"Egelbergstrasse 17, 3006 Bern, BE",BE,,clean
2022-12-21,unbekannt,4.5,123,895000,"Benziwilstrasse 2, 6020 Emmenbrücke, LU",LU,,clean
2022-12-21,unbekannt,6.0,132,695000,"Brüggmatteweg 1A, 3714 Frutigen, BE",BE,,clean
2022-12-21,unbekannt,4.5,170,1950000,"Via Orselina 4, 6600 Muralto, TI",TI,,clean
2022-12-21,unbekannt,7.5,220,1495000,"Chemin des Crêtes 41, 1997 Haute-Nendaz, VS",VS,,clean
2022-12-21,unbekannt,4.5,123,1060000,"Sonnenrain 6, 6207 Nottwil, LU",LU,,clean
2022-12-21,unbekannt,4.5,120,730000,"Ringstrasse 1, 5413 Birmenstorf AG, AG",AG,,clean
2022-12-21,unbekannt,5.5,153,669000,"3930 Visp, VS",VS,,clean
2022-12-21,unbekannt,8.0,234,2750000,"Via Bertaro Lambertenghi 2, 6900 Lugano, TI",TI,,clean
2022-12-21,unbekannt,3.5,83,480000,"Seevorstadt 44, 2502 Biel/Bienne, BE",BE,,clean
2022-12-21,unbekannt,4.5,153,980000,"Rue des Peupliers 16, 1400 Yverdon-les-Bains, VD",VD,,clean
2022-12-21,unbekannt,5.0,160,1250000,"Via al Nido 7, 6900 Lugano, TI",TI,,clean
2022-12-21,unbekannt,5.0,160,1250000,"Via al Nido 7, 6900 Lugano, TI",TI,,clean
2022-12-21,unbekannt,4.5,127,500000,"Route du Coin-du-Cârro 23, 3972 Miège, VS",VS,,clean
2022-12-21,Neubau,4.5,92,630000,"Vordergasse 8, 3858 Hofstetten b. Brienz, BE",BE,,clean
2022-12-21,Neubau,3.5,78,570000,"Vordergasse 6, 3858 Hofstetten b. Brienz, BE",BE,,clean
2022-12-21,Neubau,3.5,78,575000,"Vordergasse 6, 3858 Hofstetten b. Brienz, BE",BE,,clean
2022-12-21,New building,3.5,78,585000,"Vordergasse 6, 3858 Hofstetten b. Brienz, BE",BE,,clean
2022-12-21,New building,4.5,92,640000,"Vordergasse 8, 3858 Hofstetten b. Brienz, BE",BE,,clean
2022-12-21,unbekannt,4.5,164,890000,"Rebhaldenstrasse 26, 8596 Scherzingen, TG",TG,,clean
2022-12-21,unbekannt,4.5,124,677000,"Eichhölzlistrasse 56, 8192 Glattfelden, ZH",ZH,,clean
2022-12-21,unbekannt,8.0,185,280000,"1996 Basse-Nendaz, VS",VS,,clean
2022-12-21,unbekannt,3.5,100,775000,"Via Alfredo Pioda 56, 6600 Solduno, TI",TI,,clean
2022-12-21,unbekannt,4.5,123,645000,"Schulstrasse 3B, 3296 Arch, BE",BE,,clean
2022-12-21,unbekannt,7.5,240,1430000,"Fägswilerstrasse 59B, 8630 Rüti ZH, ZH",ZH,,clean
2022-12-21,unbekannt,5.5,156,895000,"6060 Sarnen, OW",OW,,clean
2022-12-21,unbekannt,3.5,99,790000,"Via Marco da Carona 9, 6900 Lugano, TI",TI,,clean
2022-12-21,unbekannt,2.5,63,1041000,"6816 Bissone, TI",TI,,clean
2022-12-21,unbekannt,3.5,113,1790000,"6816 Bissone, TI",TI,,clean
2022-12-21,New building,3.5,92,725000,"Hauptstrasse 23, 8274 Tägerwilen, TG",TG,,clean
2022-12-21,unbekannt,2.5,59,450000,"Heinestrasse 26, 9008 St. Gallen, SG",SG,,clean
2022-12-21,New building,5.5,138,1090000,"Hauptstrasse 23, 8274 Tägerwilen, TG",TG,,clean
2022-12-21,New building,3.5,92,710000,"Hauptstrasse 23, 8274 Tägerwilen, TG",TG,,clean
2022-12-21,New building,5.5,138,1190000,"Hauptstrasse 23, 8274 Tägerwilen, TG",TG,,clean
2022-12-21,New building,4.5,175,1580000,"Hauptstrasse 23, 8274 Tägerwilen, TG",TG,,clean
2022-12-21,unbekannt,5.5,154,683000,"1920 Martigny, VS",VS,,clean
2022-12-21,unbekannt,6.0,188,650000,"1920 Martigny, VS",VS,,clean
2022-12-21,unbekannt,4.5,125,795000,"Weekendweg 28c, 3646 Einigen, BE",BE,,clean
2022-12-21,unbekannt,5.5,164,1225000,"Hangstrasse 8, 7562 Samnaun-Compatsch, GR",GR,,clean
2022-12-21,unbekannt,4.5,98,780000,"Sardonastrasse 5, 7000 Chur, GR",GR,,clean
2022-12-21,unbekannt,1.0,25,250000,"Hangstrasse 8, 7562 Samnaun-Compatsch, GR",GR,,clean
2022-12-21,unbekannt,3.5,65,640000,"Hangstrasse 8, 7562 Samnaun-Compatsch, GR",GR,,clean
2022-12-21,unbekannt,4.5,159,1260000,"Scheidweg 12, 8472 Seuzach, ZH",ZH,,clean
2022-12-21,Neubau,4.5,109,730000,"Dorfstrasse 23, 3673 Linden, BE",BE,,clean
2022-12-21,Neubau,2.5,61,405000,"Dorfstrasse 23, 3673 Linden, BE",BE,,clean
2022-12-21,unbekannt,4.5,125,1265000,"Meierhofstrasse 15, 5400 Baden, AG",AG,,clean
2022-12-21,unbekannt,3.5,100,920000,"Via Eco 33, 6644 Orselina, TI",TI,,clean
2022-12-21,unbekannt,3.5,100,860000,"Via Alfredo Pioda 56, 6600 Solduno, TI",TI,,clean
2022-12-21,unbekannt,6.5,125,850000,"Via delle Corporazioni 5, 6600 Locarno, TI",TI,,clean
2022-12-21,unbekannt,4.5,120,890000,"Via Angelo Nessi 26, 6600 Locarno, TI",TI,,clean
2022-12-21,unbekannt,5.5,180,650000,"Via Valle Maggia 57, 6600 Solduno, TI",TI,,clean
2022-12-21,unbekannt,5.5,187,890000,"Via Vallemaggia 151, 6600 Solduno, TI",TI,,clean
2022-12-21,unbekannt,4.5,115,990000,"Via del Sole 20, 6900 Lugano, TI",TI,,clean
2022-12-21,Neubau,4.5,120,795000,"Städtchenstrasse 97, 7320 Sargans, SG",SG,,clean
2022-12-21,unbekannt,6.5,146,895000,"Etzelstrasse 38, 8635 Dürnten, ZH",ZH,,clean
2022-12-21,unbekannt,4.5,127,695000,"Hägendorfstrasse 3, 4616 Kappel SO, SO",SO,,clean
2022-12-21,unbekannt,4.5,120,1330000,"Seebüelstrasse 7, 8185 Winkel, ZH",ZH,,clean
2022-12-21,unbekannt,5.5,110,590000,"Oberer Quai 104, 2503 Biel/Bienne, BE",BE,,clean
2022-12-21,unbekannt,6.0,161,770000,"Scheunerweg 30, 3063 Ittigen, BE",BE,,clean
2022-12-21,unbekannt,2.5,40,360000,"3906 Saas-Fee, VS",VS,,clean
2022-12-21,unbekannt,3.5,51,435000,"3906 Saas-Fee, VS",VS,,clean
2022-12-21,unbekannt,5.5,150,1290000,"Intre-Chè 1, Le Mouret, 1700 Fribourg, FR",FR,,clean
2022-12-21,unbekannt,3.5,75,560000,"Bahnhofstrasse 10, 3661 Uetendorf, BE",BE,,clean
2022-12-21,unbekannt,4.5,115,798000,"1997 Haute-Nendaz, VS",VS,,clean
2022-12-21,Neubau,3.5,78,565000,"Vordergasse 6, 3858 Hofstetten b. Brienz, BE",BE,,clean
2022-12-21,unbekannt,3.5,108,1250000,"1997 Haute-Nendaz, VS",VS,,clean
2022-12-21,unbekannt,4.5,171,1885000,"Via Remorino 16, 6648 Minusio, TI",TI,,clean
2022-12-21,unbekannt,4.5,110,1260000,"3960 Sierre, VS",VS,,clean
2022-12-21,unbekannt,4.0,87,525000,"1997 Haute-Nendaz, VS",VS,,clean
2022-12-21,unbekannt,2.5,55,450000,"Via delle Scuole 13, 6900 Paradiso, TI",TI,,clean
2022-12-21,unbekannt,4.5,134,950000,"6422 Steinen, SZ",SZ,,clean
2022-12-21,unbekannt,5.5,210,1730000,"Via dei Ronchi 9, 6900 Lugano, TI",TI,,clean
2022-12-21,unbekannt,5.5,180,2702000,"6816 Bissone, TI",TI,,clean
2022-12-21,unbekannt,5.5,132,695000,"6422 Steinen, SZ",SZ,,clean
2022-12-21,unbekannt,3.5,260,4500000,"Via Privata Maraini 2a, 6942 Savosa, TI",TI,,clean
2022-12-21,unbekannt,4.5,121,880000,"Martisackerweg 29, 4203 Grellingen, BL",BL,,clean
2022-12-21,unbekannt,3.5,100,754000,"Ostenbergstrasse, 4410 Liestal, BL",BL,,clean
2022-12-21,unbekannt,2.5,155,398000,"1904 Vernayaz, VS",VS,,clean
2022-12-21,unbekannt,5.5,290,850000,"1904 Vernayaz, VS",VS,,clean
2022-12-21,unbekannt,3.5,83,510000,"1964 Conthey, VS",VS,,clean
2022-12-21,unbekannt,10.0,280,5190000,"1206 Genève, GE",GE,,clean
2022-12-21,unbekannt,3.5,107,1550000,"1260 Nyon, VD",VD,,clean
2022-12-21,unbekannt,5.5,148,1360000,"Neugrubenstrasse 25, 9500 Wil SG, SG",SG,,clean
2022-12-21,unbekannt,3.5,83,345000,"3960 Sierre, VS",VS,,clean
2022-12-21,unbekannt,2.5,72,290000,"Marktstrasse 6, 9244 Niederuzwil, SG",SG,,clean
2022-12-21,unbekannt,1.5,30,170000,"Seestrasse 52, 9326 Horn, TG",TG,,clean
2022-12-21,unbekannt,4.5,108,1790000,"Quadrellas 60, 7503 Samedan, GR",GR,,clean
2022-12-21,unbekannt,5.0,160,2195000,"1202 Genève, GE",GE,,clean
2022-12-21,unbekannt,4.5,99,680000,"Via Truscio 5, 6616 Losone, TI",TI,,clean
2022-12-21,unbekannt,4.5,160,1990000,"Vicolo Motto di Lena 2, 6648 Minusio, TI",TI,,clean
2022-12-21,unbekannt,5.5,131,1240000,"Binzhofstrasse 89, 8404 Winterthur, ZH",ZH,,clean
2022-12-21,unbekannt,3.5,80,455000,"Hauentalstrasse 169, 8200 Schaffhausen, SH",SH,,clean
2022-12-21,unbekannt,5.0,115,470000,"Römerstrasse 21, 4512 Bellach, SO",SO,,clean
2022-12-21,unbekannt,4.5,100,495000,"1950 Sion, VS",VS,,clean
2022-12-21,unbekannt,4.5,121,860000,"Jägerweg 93, 3627 Heimberg, BE",BE,,clean
2022-12-21,unbekannt,4.5,164,890000,"Rebhaldenstrasse 26, 8596 Scherzingen, TG",TG,,clean
2022-12-21,unbekannt,3.5,136,830000,"Solothurnstrasse 49, 3322 Urtenen-Schönbühl, BE",BE,,clean
2022-12-21,Neubau,4.5,163,2500000,"Hechtweg 10, 3600 Thun, BE",BE,,clean
2022-12-21,Neubau,4.5,164,2650000,"Hechtweg 10, 3600 Thun, BE",BE,,clean
2022-12-21,unbekannt,1.5,80,495000,"Wasgenring 94, 4055 Basel, BS",BS,,clean
2022-12-21,unbekannt,5.5,122,650000,"Neumattweg 24, 4537 Wiedlisbach, BE",BE,,clean
2022-12-21,Neubau,4.5,131,1325000,"Hauptstrasse 23, 8274 Tägerwilen, TG",TG,,clean
2022-12-21,Neubau,3.5,119,990000,"Hauptstrasse 23, 8274 Tägerwilen, TG",TG,,clean
2022-12-21,Neubau,4.5,131,1155000,"Hauptstrasse 23, 8274 Tägerwilen, TG",TG,,clean
2022-12-21,Neubau,4.5,188,1980000,"Hauptstrasse 23, 8274 Tägerwilen, TG",TG,,clean
2022-12-21,Neubau,3.5,119,1090000,"Hauptstrasse 23, 8274 Tägerwilen, TG",TG,,clean
2022-12-21,unbekannt,7.0,196,1997000,"Lerchenstrasse 2, 4059 Basel, BS",BS,,clean
2022-12-21,unbekannt,4.5,134,935000,"Unterer Kanalweg 11, 3252 Worben, BE",BE,,clean
2022-12-21,unbekannt,4.5,116,750000,"Julia Gauss-Strasse 15, 4056 Basel, BS",BS,,clean
2022-12-21,unbekannt,4.5,105,790000,"Hauptstrasse 50, 4302 Augst BL, BL",BL,,clean
2022-12-21,unbekannt,4.5,177,1590000,"Wangenstrasse 2e, 8604 Volketswil, ZH",ZH,,clean
2022-12-21,unbekannt,3.5,83,395000,"Untere Hardmatten 10, 4653 Obergösgen, SO",SO,,clean
2022-12-21,unbekannt,3.5,98,565000,"Vorderer Schermen 4, 3063 Ittigen, BE",BE,,clean
2022-12-21,unbekannt,2.5,66,580000,"Via Stazione 14, 6900 Lugano, TI",TI,,clean
2022-12-21,unbekannt,5.5,147,995000,"Hofmannstrasse 24, 8405 Winterthur, ZH",ZH,,clean
2022-12-21,unbekannt,3.5,95,668000,"Unterdorfstrasse 9, 5607 Hägglingen, AG",AG,,clean
2022-12-21,unbekannt,4.5,116,778000,"Unterdorfstrasse 9, 5607 Hägglingen, AG",AG,,clean
2022-12-21,unbekannt,5.5,154,1080000,"Wiesentalstrasse 26A, 8355 Aadorf, TG",TG,,clean
2022-12-21,unbekannt,5.5,123,965000,"Avenue Reller 32, 1804 Corsier-sur-Vevey, VD",VD,,clean
2022-12-21,unbekannt,1.5,34,190000,"3930 Visp, VS",VS,,clean
2022-12-21,Neubau,4.5,92,660000,"Vordergasse 8, 3858 Hofstetten b. Brienz, BE",BE,,clean
2022-12-21,unbekannt,3.5,92,825000,"Via Val Magin 1, 6900 Lugano, TI",TI,,clean
2022-12-21,unbekannt,4.5,115,600000,"Dorfstrasse 46, 3624 Goldiwil (Thun), BE",BE,,clean
2022-12-21,unbekannt,3.5,93,615000,"Föhrenweg 4, 5606 Dintikon, AG",AG,,clean
2022-12-21,unbekannt,3.5,120,1000000,"Via alle Vigne 31, 6600 Locarno, TI",TI,,clean
2022-12-21,Neubau,4.5,164,2650000,"Hechtweg 10, 3645 Gwatt (Thun), BE",BE,,clean
2022-12-21,Neubau,4.5,163,2500000,"Hechtweg 10, 3645 Gwatt (Thun), BE",BE,,clean
2022-12-21,unbekannt,2.5,116,490000,"Grand Champsec, 1950 Sion, VS",VS,,clean
2022-12-21,unbekannt,3.5,111,779000,"Benkenstrasse 22, 4153 Reinach BL, BL",BL,,clean
2022-12-21,unbekannt,6.5,158,1139000,"Benkenstrasse 22, 4153 Reinach BL, BL",BL,,clean
2022-12-21,unbekannt,6.5,158,1080000,"Benkenstrasse 22, 4153 Reinach BL, BL",BL,,clean
2022-12-21,unbekannt,8.5,268,3785000,"Gäuggeliweg 31, 7250 Klosters, GR",GR,,clean
2022-12-21,unbekannt,4.5,90,495000,"1993 Veysonnaz, VS",VS,,clean
2022-12-21,unbekannt,4.5,127,1020000,"Via Giovanni Nizzola 10, 6500 Bellinzona, TI",TI,,clean
2022-12-21,unbekannt,4.5,122,680000,"L'Ere di Canòvo 3, 6702 Claro, TI",TI,,clean
2022-12-21,unbekannt,3.5,110,1550000,"Lungolago Giuseppe Motta 2, 6815 Melide, TI",TI,,clean
2022-12-21,unbekannt,4.5,121,940000,"Martisackerweg 29, 4203 Grellingen, BL",BL,,clean
2022-12-21,unbekannt,3.5,112,920000,"Martisackerweg 29, 4203 Grellingen, BL",BL,,clean
2022-12-21,unbekannt,4.5,97,345000,"1890 St-Maurice, VS",VS,,clean
2022-12-21,Neubau,3.5,86,910000,"1987 Hérémence, VS",VS,,clean
2022-12-21,unbekannt,8.5,0,2560000,"Alpenstrasse 2, 3800 Interlaken, BE",BE,,clean
2022-12-21,unbekannt,4.5,162,910000,"1926 Fully, VS",VS,,clean
2022-12-21,unbekannt,3.5,88,380000,"1907 Saxon, VS",VS,,clean
2022-12-21,unbekannt,3.5,88,380000,"1907 Saxon, VS",VS,,clean
2022-12-21,unbekannt,3.5,128,519000,"1971 Champlan (Grimisuat), VS",VS,,clean
2022-12-21,unbekannt,3.5,88,370000,"1907 Saxon, VS",VS,,clean
2022-12-21,unbekannt,1.5,40,178000,"1957 Ardon, VS",VS,,clean
2022-12-21,unbekannt,3.5,74,460000,"1971 Champlan (Grimisuat), VS",VS,,clean
2022-12-21,unbekannt,5.5,143,580000,"1907 Saxon, VS",VS,,clean
2022-12-21,unbekannt,1.5,39,203000,"1958 Uvrier, VS",VS,,clean
2022-12-21,unbekannt,4.5,120,630000,"Mühleweg 16, 2543 Lengnau BE, BE",BE,,clean
2022-12-21,Neubau,4.5,175,1390000,"Aeulistrasse 25, 7310 Bad Ragaz, SG",SG,,clean
2022-12-21,unbekannt,4.5,0,1740000,"Blumensteinstrasse 17, 3012 Bern, BE",BE,,clean
2022-12-21,unbekannt,2.0,58,850000,"10 Rue du Centre Sportif, 1936 Verbier, VS",VS,,clean
2022-12-21,unbekannt,4.5,124,995000,"1400 Yverdon-les-Bains, VD",VD,,clean
2022-12-21,unbekannt,3.5,126,1490000,"Via al Lido 17, 6817 Maroggia, TI",TI,,clean
2022-12-21,unbekannt,4.5,0,1390000,"1920 Martigny, VS",VS,,clean
2022-12-21,unbekannt,3.5,77,395000,"Rue des Fontaines 1, 1058 Villars-Tiercelin, VD",VD,,clean
2022-12-21,unbekannt,4.5,133,695000,"Bürenstrasse 17, 3298 Oberwil b. Büren, BE",BE,,clean
2022-12-21,unbekannt,4.5,110,520000,"Route de Nendaz 153, 1950 Sion, VS",VS,,clean
2022-12-21,unbekannt,4.5,90,497500,"Brüggmatteweg 1A, 3714 Frutigen, BE",BE,,clean
2022-12-21,unbekannt,2.5,42,197500,"Brüggmatteweg 1A, 3714 Frutigen, BE",BE,,clean
2022-12-21,unbekannt,4.5,123,990000,"1950 Sion, VS",VS,,clean
2022-12-21,unbekannt,5.5,224,1449000,"1950 Sion, VS",VS,,clean
2022-12-21,unbekannt,4.5,131,2880000,"Pfannenstielstrasse 128, 8706 Meilen, ZH",ZH,,clean
2022-12-21,unbekannt,3.5,103,2100000,"Pfannenstielstrasse 128, 8706 Meilen, ZH",ZH,,clean
2022-12-21,unbekannt,4.5,142,2920000,"Pfannenstielstrasse 128, 8706 Meilen, ZH",ZH,,clean
2022-12-21,unbekannt,3.0,78,640000,"Chemin des Crêtes 44, 1997 Haute-Nendaz, VS",VS,,clean
2022-12-21,unbekannt,4.5,148,1745000,"Dammstrasse 4, 8180 Bülach, ZH",ZH,,clean
2022-12-21,unbekannt,4.5,122,670000,"Stettemerstrasse 50, 8207 Schaffhausen, SH",SH,,clean
2022-12-21,unbekannt,5.5,247,2600000,"6816 Bissone, TI",TI,,clean
2022-12-21,unbekannt,3.5,155,652000,"1907 Saxon, VS",VS,,clean
2022-12-21,unbekannt,4.0,93,790000,"1630 Bulle, FR",FR,,clean
2022-12-21,unbekannt,2.5,65,370000,"Gygerweg 11, 3700 Spiez, BE",BE,,clean
2022-12-21,Neubau,4.5,149,1068000,"Frutigenstrasse 22, 3700 Spiez, BE",BE,,clean
2022-12-21,unbekannt,4.5,138,865000,"Bachstrasse 83, 5436 Würenlos, AG",AG,,clean
2022-12-21,unbekannt,2.5,61,350000,"Talackerstrasse 5B, 3604 Thun, BE",BE,,clean
2022-12-21,unbekannt,4.5,113,750000,"Hauptstrasse 43, 3800 Unterseen, BE",BE,,clean
2022-12-21,unbekannt,3.5,102,622750,"3960 Sierre, VS",VS,,clean
2022-12-21,unbekannt,4.5,114,970000,"Im See 10, 8187 Weiach, ZH",ZH,,clean
2022-12-21,unbekannt,4.5,139,995000,"Florahof 14, 8353 Elgg, ZH",ZH,,clean
2022-12-21,unbekannt,4.5,109,1095000,"Maulbeerstrasse 12, 4058 Basel, BS",BS,,clean
2022-12-21,unbekannt,3.5,90,700000,"Via Canonico Ghiringhelli, 6500 Bellinzona, TI",TI,,clean
2022-12-21,unbekannt,3.5,80,620000,"1911 Ovronnaz, VS",VS,,clean
2022-12-21,unbekannt,4.5,0,590000,"Neuenburgerstrasse 4, 5004 Aarau, AG",AG,,clean
2022-12-21,unbekannt,2.0,61,767000,"6648 Minusio, TI",TI,,clean
2022-12-21,unbekannt,3.5,50,198000,"Finnu, 3939 Eggerberg, VS",VS,,clean
2022-12-21,Neubau,3.5,106,850000,"Via Franco Zorzi 4, 6900 Paradiso, TI",TI,,clean
2022-12-21,unbekannt,3.0,87,1100000,"Rossweidstrasse 1, 7270 Davos Platz, GR",GR,,clean
2022-12-21,Neubau,3.5,106,850000,"Via Franco Zorzi 4, 6900 Paradiso, TI",TI,,clean
2022-12-21,unbekannt,3.5,88,990000,"Bleicherweg 21, 4102 Binningen, BL",BL,,clean
2022-12-21,unbekannt,3.5,75,735000,"Schulstrasse 22, 4127 Birsfelden, BL",BL,,clean
2022-12-21,unbekannt,4.5,144,820000,"Laurenz-Custer-Strasse 2, 9424 Rheineck, SG",SG,,clean
2022-12-21,unbekannt,5.5,103,680000,"Stationsstrasse 54, 3626 Hünibach, BE",BE,,clean
2022-12-21,unbekannt,4.5,102,690000,"Stationsstrasse 54, 3626 Hünibach, BE",BE,,clean
2022-12-21,unbekannt,4.5,135,1195000,"3904 Naters, VS",VS,,clean
2022-12-21,unbekannt,4.5,124,620000,"Hauptstrasse 48a, 2554 Meinisberg, BE",BE,,clean
2022-12-21,unbekannt,5.5,140,998000,"3902 Glis, VS",VS,,clean
2022-12-21,unbekannt,5.5,181,1260000,"Witackergasse 11, 8887 Mels, SG",SG,,clean
2022-12-21,unbekannt,4.5,104,954850,"Via Remorino 16, 6648 Minusio, TI",TI,,clean
2022-12-21,unbekannt,4.5,96,720000,"Bodenacherstrasse 85, 8121 Benglen, ZH",ZH,,clean
2022-12-21,unbekannt,4.5,173,2850000,"Haldenweg 11b, 3600 Thun, BE",BE,,clean
2022-12-21,unbekannt,4.0,93,490000,"Via del Sarto 70, 6655 Intragna, TI",TI,,clean
2022-12-21,unbekannt,3.5,116,1180000,"Via delle Scuole 11, 6900 Paradiso, TI",TI,,clean
2022-12-21,unbekannt,3.5,80,660000,"Via Rovere 7, 6932 Breganzona, TI",TI,,clean
2022-12-21,unbekannt,4.5,174,1780000,"1201 Genève, GE",GE,,clean
2022-12-21,unbekannt,3.5,100,745000,"Via alle Vigne 31, 6600 Locarno, TI",TI,,clean
2022-12-21,unbekannt,3.5,108,520000,"Grand Champsec, 1950 Sion, VS",VS,,clean
2022-12-21,unbekannt,2.5,69,385000,"Grand Champsec, 1950 Sion, VS",VS,,clean
2022-12-21,unbekannt,5.0,141,3900000,"1206 Genève, GE",GE,,clean
2022-12-21,unbekannt,3.5,0,495000,"Via Verbano, 6710 Biasca, TI",TI,,clean
2022-12-21,unbekannt,1.5,32,365000,"Via al Chioso 15, 6900 Lugano, TI",TI,,clean
2022-12-21,unbekannt,2.5,69,395000,"Grand Champsec, 1950 Sion, VS",VS,,clean
2022-12-21,unbekannt,2.5,71,395000,"Grand Champsec, 1950 Sion, VS",VS,,clean
2022-12-21,unbekannt,2.5,95,875000,"6402 Merlischachen, SZ",SZ,,clean
2022-12-21,unbekannt,5.5,190,1600000,"Via Canonico Ghiringhelli, 6500 Bellinzona, TI",TI,,clean
2022-12-21,unbekannt,3.5,80,590000,"Summer Village 12, 6992 Vernate, TI",TI,,clean
2022-12-21,unbekannt,3.5,90,580000,"Via Cantonale 47, 6652 Tegna, TI",TI,,clean
2022-12-21,unbekannt,3.5,107,770000,"Via R. Leoncavallo 50a, 6614 Brissago, TI",TI,,clean
2022-12-21,unbekannt,5.5,115,565000,"6930 Bedano, TI",TI,,clean
2022-12-21,unbekannt,4.5,136,875000,"6500 Bellinzona, TI",TI,,clean
2022-12-21,unbekannt,3.5,88,370000,"1907 Saxon, VS",VS,,clean
2022-12-21,unbekannt,1.5,40,178000,"1957 Ardon, VS",VS,,clean
2022-12-21,unbekannt,3.5,105,470000,"3974 Mollens VS, VS",VS,,clean
2022-12-21,unbekannt,5.5,162,1365000,"1950 Sion, VS",VS,,clean
2022-12-21,unbekannt,4.5,96,665000,"Spycherweg 17, 4515 Oberdorf SO, SO",SO,,clean
2022-12-21,Neubau,4.5,111,970000,"Strässli 33, 7203 Trimmis, GR",GR,,clean
2022-12-21,Neubau,3.5,97,830000,"Strässli 33, 7203 Trimmis, GR",GR,,clean
2022-12-21,Neubau,4.5,111,990000,"Strässli 33, 7203 Trimmis, GR",GR,,clean
2022-12-21,Neubau,2.5,60,570000,"Strässli 33, 7203 Trimmis, GR",GR,,clean
2022-12-21,unbekannt,3.5,129,850000,"1124 Gollion, VD",VD,,clean
2022-12-21,unbekannt,3.5,68,270000,"Städelistrasse 5, 7317 Valens, SG",SG,,clean
2022-12-21,unbekannt,2.0,53,390000,"3963 Crans-Montana, VS",VS,,clean
2022-12-21,unbekannt,3.5,99,1245000,"Eichrainstrasse 21, 8052 Zürich, ZH",ZH,,clean
2022-12-21,unbekannt,4.5,132,2980000,"6612 Ascona, TI",TI,,clean
2022-12-21,unbekannt,3.5,121,1125000,"Rapperswil SG, 8640 Rapperswil SG, SG",SG,,clean
2022-12-21,unbekannt,4.5,104,495000,"3968 Veyras, VS",VS,,clean
2022-12-21,unbekannt,4.5,135,895000,"Im Grund 12, 9553 Bettwiesen, TG",TG,,clean
2022-12-21,unbekannt,3.5,96,699000,"6600 Locarno, TI",TI,,clean
2022-12-21,unbekannt,4.5,126,1374000,"Chilerai 8, 8602 Wangen b. Dübendorf, ZH",ZH,,clean
2022-12-21,unbekannt,4.5,122,765000,"6802 Rivera, TI",TI,,clean
2022-12-21,unbekannt,3.5,135,1520000,"Route de la Genevrausaz 12, 1822 Chernex, VD",VD,,clean
2022-12-21,unbekannt,4.5,114,730000,"Gysulastrasse 25, 5000 Aarau, AG",AG,,clean
2022-12-21,unbekannt,4.5,253,3490000,"3963 Crans-Montana, VS",VS,,clean
2022-12-21,unbekannt,4.5,128,1990000,"Vicolo Motto di Lena 2, 6648 Minusio, TI",TI,,clean
2022-12-21,Construction neuve,0.0,0,305000,"Mühle 1, 3412 Heimiswil, BE",BE,,clean
2022-12-21,unbekannt,2.5,82,580000,"In der Matte 10, 6460 Altdorf UR, UR",UR,,clean
2022-12-21,unbekannt,3.5,117,1180000,"6900 Lugano, TI",TI,,clean
2022-12-21,unbekannt,3.5,95,750000,"Veia Sandeilas 10, 7460 Savognin, GR",GR,,clean
2022-12-21,unbekannt,3.5,87,620000,"1964 Conthey, VS",VS,,clean
2022-12-21,unbekannt,2.5,73,308000,"1957 Ardon, VS",VS,,clean
2022-12-21,unbekannt,3.5,85,454000,"1964 Conthey, VS",VS,,clean
2022-12-21,unbekannt,2.5,73,308000,"1957 Ardon, VS",VS,,clean
2022-12-21,unbekannt,3.5,86,688000,"1964 Conthey, VS",VS,,clean
2022-12-21,unbekannt,3.5,85,463000,"1964 Conthey, VS",VS,,clean
2022-12-21,unbekannt,3.5,87,740000,"1964 Conthey, VS",VS,,clean
2022-12-21,unbekannt,3.5,85,478000,"1964 Conthey, VS",VS,,clean
2022-12-21,unbekannt,3.5,100,415000,"1957 Ardon, VS",VS,,clean
2022-12-21,unbekannt,4.5,124,735000,"Hauptstrasse 10, 9502 Braunau, TG",TG,,clean
2022-12-21,unbekannt,5.5,197,1250000,"Mühleweg 53, 5420 Ehrendingen, AG",AG,,clean
2022-12-21,unbekannt,3.5,70,440000,"Via ai Molini 5, 6616 Losone, TI",TI,,clean
2022-12-21,unbekannt,2.5,60,370000,"Via Municipio 6, 6616 Losone, TI",TI,,clean
2022-12-21,unbekannt,5.5,122,1470000,"Vicolo Motto di Lena 2, 6648 Minusio, TI",TI,,clean
2022-12-21,unbekannt,5.5,190,1990000,"6648 Minusio, TI",TI,,clean
2022-12-21,unbekannt,3.5,93,890000,"Vicolo Motto di Lena 2, 6648 Minusio, TI",TI,,clean
2022-12-21,unbekannt,4.5,131,1140000,"8222 Beringen, SH",SH,,clean
2022-12-21,unbekannt,6.5,182,2350000,"1290 Versoix, GE",GE,,clean
2022-12-21,unbekannt,4.5,96,490000,"Schöneckstrasse 5, 8215 Hallau, SH",SH,,clean
2022-12-21,unbekannt,4.5,82,490000,"Wiesenstrasse 11, 9030 Abtwil SG, SG",SG,,clean
2022-12-21,unbekannt,3.5,90,0,"Dammweg 13, 3904 Naters, VS",VS,,clean
2022-12-21,unbekannt,4.5,150,559000,"Bahnhofstrasse 21, 4914 Roggwil BE, BE",BE,,clean
2022-12-21,unbekannt,2.5,63,279000,"Weriweg, 3902 Glis, VS",VS,,clean
2022-12-21,unbekannt,2.5,58,780000,"Via Pattadiras 2, 7031 Laax GR, GR",GR,,clean
2022-12-21,unbekannt,3.5,98,530000,"3960 Corin-de-la-Crête, VS",VS,,clean
2022-12-21,unbekannt,2.5,59,325000,"3960 Corin-de-la-Crête, VS",VS,,clean
2022-12-21,unbekannt,2.5,103,437000,"1907 Saxon, VS",VS,,clean
2022-12-21,unbekannt,3.5,145,633000,"1907 Saxon, VS",VS,,clean
2022-12-21,Neubau,4.5,109,820000,"Frutigenstrasse 22, 3700 Spiez, BE",BE,,clean
2022-12-21,Neubau,2.5,78,498000,"Frutigenstrasse 22, 3700 Spiez, BE",BE,,clean
2022-12-21,unbekannt,3.0,74,910000,"Sonnenweg 32, 6340 Baar, ZG",ZG,,clean
2022-12-21,unbekannt,4.5,98,590000,"Waldhausweg 2, 5032 Aarau Rohr, AG",AG,,clean
2022-12-21,unbekannt,4.5,75,0,"4654 Lostorf, SO",SO,,clean
2022-12-21,unbekannt,4.5,103,695000,"Flurweg 33, 3066 Stettlen, BE",BE,,clean
2022-12-21,unbekannt,4.5,137,1070000,"Via Luigi Lavizzari 10b, 6600 Locarno, TI",TI,,clean
2022-12-21,unbekannt,4.5,135,1600000,"chemin de la viane 80, 1052 Le Mont-sur-Lausanne, VD",VD,,clean
2022-12-21,unbekannt,4.5,117,795000,"5036 Oberentfelden, AG",AG,,clean
2022-12-21,unbekannt,5.5,134,1100000,"5102 Rupperswil, AG",AG,,clean
2022-12-21,unbekannt,3.5,77,590000,"Rehetobelstrasse 39, 9000 St. Gallen, SG",SG,,clean
2022-12-21,unbekannt,4.5,128,815000,"Kappelerstrasse 8, 8500 Frauenfeld, TG",TG,,clean
2022-12-21,unbekannt,4.5,138,0,"Poststrasse 46, 9478 Azmoos, SG",SG,,clean
2022-12-21,unbekannt,3.5,81,460000,"Galmizstrasse 44, 3216 Ried b. Kerzers, FR",FR,,clean
2022-12-21,unbekannt,5.5,116,1107000,"Dättwilerstrasse 46, 5400 Baden, AG",AG,,clean
2022-12-21,unbekannt,1.5,72,470000,"Dättwilerstrasse 46, 5405 Dättwil AG, AG",AG,,clean
2022-12-21,unbekannt,4.5,101,1058000,"Dättwilerstrasse 46, 5405 Dättwil AG, AG",AG,,clean
2022-12-21,unbekannt,3.5,85,485000,"Hofacherstrasse 4, 5417 Untersiggenthal, AG",AG,,clean
2022-12-21,unbekannt,4.5,105,650000,"Freienwilerstrasse 19, 5420 Ehrendingen, AG",AG,,clean
2022-12-21,unbekannt,4.5,124,1595000,"Dättwilerstrasse 46, 5400 Baden, AG",AG,,clean
2022-12-21,unbekannt,3.0,60,890000,"Brinerstrasse 10, 8003 Zürich, ZH",ZH,,clean
2022-12-21,unbekannt,4.5,106,690000,"Rösslimatte 20, 3627 Heimberg, BE",BE,,clean
2022-12-21,unbekannt,4.5,90,430000,"3960 Sierre, VS",VS,,clean
2022-12-21,unbekannt,1.0,44,84000,"1200 Genève, GE",GE,,clean
2022-12-21,unbekannt,1.0,44,84000,"8000 Zürich, ZH",ZH,,clean
2022-12-21,unbekannt,5.5,105,750000,"Spitalweg 2, 4125 Riehen, BS",BS,,clean
2022-12-21,unbekannt,4.5,126,760000,"Bruggwaldstrasse 76, 9008 St. Gallen, SG",SG,,clean
2022-12-21,unbekannt,4.5,126,895000,"Bürenstrasse 14, 2504 Biel/Bienne, BE",BE,,clean
2022-12-21,unbekannt,3.5,76,775000,"Obstgartenstrasse 21, 8302 Kloten, ZH",ZH,,clean
2022-12-21,unbekannt,4.5,146,1350000,"Hauptstrasse 45, 4144 Arlesheim, BL",BL,,clean
2022-12-21,unbekannt,4.5,118,1570000,"Dorfmatt 11, 6340 Baar, ZG",ZG,,clean
2022-12-21,unbekannt,4.5,116,790000,"Schatzacher 8, 2564 Bellmund, BE",BE,,clean
2022-12-21,unbekannt,2.0,58,680000,"Talstrasse 37, 7270 Davos Platz, GR",GR,,clean
2022-12-21,unbekannt,4.0,80,650000,"Angensteinerstrasse 26, 4153 Reinach BL, BL",BL,,clean
2022-12-21,unbekannt,3.0,96,580000,"1955 Chamoson, VS",VS,,clean
2022-12-21,unbekannt,6.5,184,1649000,"Hauptstrasse 92, 4147 Aesch BL, BL",BL,,clean
2022-12-21,unbekannt,4.5,150,590000,"Hünikenstrasse 7, 4554 Etziken, SO",SO,,clean
2022-12-21,unbekannt,4.5,116,425000,"Aeschistrasse 55, 3362 Niederönz, BE",BE,,clean
2022-12-21,unbekannt,4.5,185,2980000,"Spinnereiplatz 1, 8041 Zürich, ZH",ZH,,clean
2022-12-21,unbekannt,1.5,45,640000,"Gassacherstrasse 10, 8122 Binz, ZH",ZH,,clean
2022-12-21,unbekannt,2.0,61,767000,"6648 Minusio, TI",TI,,clean
2022-12-21,unbekannt,4.5,140,1020000,"Schulhausstrasse 2, 3600 Thun, BE",BE,,clean
2022-12-21,unbekannt,5.5,185,1628000,"Chemin des Amandiers 65, 1950 Sion, VS",VS,,clean
2022-12-21,unbekannt,4.5,100,549000,"Brühlstrasse 109, 9320 Arbon, TG",TG,,clean
2022-12-21,unbekannt,4.5,100,445000,"Schöneggstrasse 5, 2540 Grenchen, SO",SO,,clean
2022-12-21,unbekannt,4.5,153,980000,"Rue des peupliers 16, 1400 Yverdon-les-Bains, VD",VD,,clean
2022-12-21,unbekannt,3.5,124,345000,"Grand-Rue 39, 1450 Ste-Croix, VD",VD,,clean
2022-12-21,unbekannt,5.5,131,720000,"Gartenstrasse 1, 8212 Neuhausen am Rheinfall, SH",SH,,clean
2022-12-21,unbekannt,3.5,80,398000,"Bettenstrasse 17+19, 9212 Arnegg, SG",SG,,clean
2022-12-21,unbekannt,3.5,115,0,"Luzernerring 122, 4056 Basel, BS",BS,,clean
2022-12-21,unbekannt,3.5,88,625000,"Rütmattstrasse 14, 5004 Aarau, AG",AG,,clean
2022-12-21,unbekannt,3.5,83,0,"Sandstrasse 65, 3302 Moosseedorf, BE",BE,,clean
2022-12-21,unbekannt,4.5,185,1950000,"Via Geretta 16, 6900 Paradiso, TI",TI,,clean
2022-12-21,unbekannt,2.5,80,490000,"Gigeweg 5, 8213 Neunkirch, SH",SH,,clean
2022-12-21,unbekannt,4.5,173,2850000,"Haldenweg 11b, 3626 Hünibach, BE",BE,,clean
2022-12-21,serp_responsive#badge_new_building_lite,3.0,0,822000,"Dorfstrasse 56, 3438 Lauperswil, BE",BE,,clean
2022-12-21,unbekannt,2.5,89,420000,"Grand Champsec, 1950 Sion, VS",VS,,clean
2022-12-21,unbekannt,2.5,71,395000,"Grand Champsec, 1950 Sion, VS",VS,,clean
2022-12-21,unbekannt,2.5,69,390000,"Grand Champsec, 1950 Sion, VS",VS,,clean
2022-12-21,unbekannt,2.5,71,395000,"Grand Champsec, 1950 Sion, VS",VS,,clean
2022-12-21,unbekannt,3.5,90,490000,"Grand Champsec, 1950 Sion, VS",VS,,clean
2022-12-21,unbekannt,2.5,71,385000,"Grand Champsec, 1950 Sion, VS",VS,,clean
2022-12-21,unbekannt,6.0,140,1150000,"Burgstrasse 120, 4125 Riehen, BS",BS,,clean
2022-12-21,unbekannt,3.5,97,1285000,"6600 Locarno, TI",TI,,clean
2022-12-21,unbekannt,4.5,130,990000,"6612 Ascona, TI",TI,,clean
2022-12-21,unbekannt,2.5,69,410000,"Grand Champsec, 1950 Sion, VS",VS,,clean
2022-12-21,unbekannt,2.5,69,390000,"Grand Champsec, 1950 Sion, VS",VS,,clean
2022-12-21,unbekannt,3.5,90,485000,"Grand Champsec, 1950 Sion, VS",VS,,clean
2022-12-21,unbekannt,4.5,109,650000,"1994 Aproz (Nendaz), VS",VS,,clean
2022-12-21,unbekannt,3.5,88,550000,"1994 Aproz (Nendaz), VS",VS,,clean
2022-12-21,unbekannt,4.5,109,650000,"1994 Aproz (Nendaz), VS",VS,,clean
2022-12-21,unbekannt,2.5,87,405000,"Grand Champsec, 1950 Sion, VS",VS,,clean
2022-12-21,unbekannt,2.5,89,425000,"Grand Champsec, 1950 Sion, VS",VS,,clean
2022-12-21,unbekannt,4.5,225,1685000,"1950 Sion, VS",VS,,clean
2022-12-21,unbekannt,4.5,237,2018000,"1950 Sion, VS",VS,,clean
2022-12-21,unbekannt,4.5,244,1833000,"1950 Sion, VS",VS,,clean
2022-12-21,unbekannt,3.5,97,878000,"6952 Canobbio, TI",TI,,clean
2022-12-21,unbekannt,4.5,110,570000,"6518 Gorduno, TI",TI,,clean
2022-12-21,unbekannt,4.5,138,1089000,"6900 Lugano, TI",TI,,clean
2022-12-21,unbekannt,4.5,87,750000,"Erikaweg 1, 4665 Oftringen, AG",AG,,clean
2022-12-21,unbekannt,3.5,96,800000,"Via Canonico Ghiringhelli, 6500 Bellinzona, TI",TI,,clean
2022-12-21,unbekannt,2.5,69,395000,"Grand Champsec, 1950 Sion, VS",VS,,clean
2022-12-21,unbekannt,4.5,118,780000,"1847 Rennaz, VD",VD,,clean
2022-12-21,unbekannt,2.5,69,385000,"Grand Champsec, 1950 Sion, VS",VS,,clean
2022-12-21,unbekannt,2.5,69,410000,"Grand Champsec, 1950 Sion, VS",VS,,clean
2022-12-21,unbekannt,3.5,90,495000,"Grand Champsec, 1950 Sion, VS",VS,,clean
2022-12-21,unbekannt,2.5,71,390000,"Grand Champsec, 1950 Sion, VS",VS,,clean
2022-12-21,unbekannt,2.5,71,390000,"Grand Champsec, 1950 Sion, VS",VS,,clean
2022-12-21,unbekannt,2.5,71,390000,"Grand Champsec, 1950 Sion, VS",VS,,clean
2022-12-21,unbekannt,2.5,71,385000,"Grand Champsec, 1950 Sion, VS",VS,,clean
2022-12-21,unbekannt,4.5,119,1270000,"6900 Lugano, TI",TI,,clean
2022-12-21,unbekannt,3.5,107,1150000,"6900 Lugano, TI",TI,,clean
2022-12-21,unbekannt,4.5,131,1096800,"Via San Gottardo 81, 6900 Massagno, TI",TI,,clean
2022-12-21,unbekannt,2.5,55,490000,"Summer Village 12, 6992 Vernate, TI",TI,,clean
2022-12-21,unbekannt,6.5,271,5000000,"Lungolago Giuseppe Motta 42, 6815 Melide, TI",TI,,clean
2022-12-21,unbekannt,2.5,59,320000,"Via Boscioro 10, 6995 Molinazzo di Monteggio, TI",TI,,clean
2022-12-21,unbekannt,2.5,67,529285,"Via San Gottardo 81, 6900 Massagno, TI",TI,,clean
2022-12-21,unbekannt,2.5,55,275000,"Via Boscioro 10, 6995 Molinazzo di Monteggio, TI",TI,,clean
2022-12-21,unbekannt,5.5,0,1100000,"Auf Anfrage, 9240 Uzwil, SG",SG,,clean
2022-12-21,unbekannt,5.5,120,780000,"2013 Colombier NE, NE",NE,,clean
2022-12-21,unbekannt,4.5,106,530650,"1955 Chamoson, VS",VS,,clean
2022-12-21,unbekannt,5.5,143,580000,"1907 Saxon, VS",VS,,clean
2022-12-21,unbekannt,2.5,120,545000,"1938 Champex-Lac, VS",VS,,clean
2022-12-21,unbekannt,7.0,124,360000,"6945 Origlio, TI",TI,,clean
2022-12-21,unbekannt,1.5,55,425000,"6622 Ronco sopra Ascona, TI",TI,,clean
2022-12-21,unbekannt,3.5,91,610000,"1588 Cudrefin, VD",VD,,clean
2022-12-21,unbekannt,4.5,161,1230000,"1588 Cudrefin, VD",VD,,clean
2022-12-21,unbekannt,3.5,90,1200000,"Schwyzerstrasse 2, 5430 Wettingen, AG",AG,,clean
2022-12-21,unbekannt,4.5,119,1600000,"Schwyzerstrasse 2, 5430 Wettingen, AG",AG,,clean
2022-12-21,unbekannt,3.5,110,1300000,"6900 Massagno, TI",TI,,clean
2022-12-21,unbekannt,4.5,88,280000,"3960 Sierre, VS",VS,,clean
2022-12-21,unbekannt,5.5,149,970000,"Hültschern 2, 6204 Sempach, LU",LU,,clean
2022-12-21,unbekannt,4.5,122,810000,"Hültschern 1, 6204 Sempach, LU",LU,,clean
2022-12-21,unbekannt,7.0,200,1440000,"Hültschern 1, 6204 Sempach, LU",LU,,clean
2022-12-21,unbekannt,3.5,106,720000,"Hültschern 3, 6204 Sempach, LU",LU,,clean
2022-12-21,unbekannt,3.5,187,2200000,"1950 Sion, VS",VS,,clean
2022-12-21,unbekannt,4.5,115,790000,"1958 Uvrier, VS",VS,,clean
2022-12-21,unbekannt,2.5,62,590000,"Dorfstrasse 84, 3661 Uetendorf, BE",BE,,clean
2022-12-21,unbekannt,4.0,130,780000,"Route de la Télécabine, 1997 Haute-Nendaz, VS",VS,,clean
2022-12-21,unbekannt,5.5,201,1710000,"1820 Montreux, VD",VD,,clean
2022-12-21,unbekannt,1.5,45,218000,"1958 Uvrier, VS",VS,,clean
2022-12-21,unbekannt,4.5,183,2033000,"1950 Sion, VS",VS,,clean
2022-12-21,unbekannt,4.5,203,1817000,"1950 Sion, VS",VS,,clean
2022-12-21,unbekannt,4.5,193,2615000,"1950 Sion, VS",VS,,clean
